Image Path,Subfolder Name,mask_type
/media/user/685b3289-4051-4530-9827-ef770d2e3f28/ml_projects_yeldar/cropped_youtube_insta_tiktok/Haggard standard variant with eyebrows/frameNr_335_Haggard standard variant with eyebrows.jpg,Haggard standard variant with eyebrows,
/media/user/685b3289-4051-4530-9827-ef770d2e3f28/ml_projects_yeldar/cropped_youtube_insta_tiktok/Here she comes call Kali/frameNr_347_Here she comes call Kali.jpg,Here she comes call Kali,
/media/user/685b3289-4051-4530-9827-ef770d2e3f28/ml_projects_yeldar/cropped_youtube_insta_tiktok/Halloween Mask Tour at Transworld 2019  Silicone Masks & More/frameNr_7701_Halloween Mask Tour at Transworld 2019  Silicone Masks & More.jpg,Halloween Mask Tour at Transworld 2019  Silicone Masks & More,
/media/user/685b3289-4051-4530-9827-ef770d2e3f28/ml_projects_yeldar/cropped_youtube_insta_tiktok/ãƒ¢ãƒ‡ãƒ«ã®ã‚­ãƒ£ãƒ³ãƒ‡ã‚£ãƒ¼ãŒã„ã¤ã‚‚ã‚„ã£ã¦ã„ã‚‹ã‚¹ãƒˆãƒ¬ãƒƒãƒã‚’ç´¹ä»‹ã—ã¾ã™/frameNr_5715_ãƒ¢ãƒ‡ãƒ«ã®ã‚­ãƒ£ãƒ³ãƒ‡ã‚£ãƒ¼ãŒã„ã¤ã‚‚ã‚„ã£ã¦ã„ã‚‹ã‚¹ãƒˆãƒ¬ãƒƒãƒã‚’ç´¹ä»‹ã—ã¾ã™.jpg,ãƒ¢ãƒ‡ãƒ«ã®ã‚­ãƒ£ãƒ³ãƒ‡ã‚£ãƒ¼ãŒã„ã¤ã‚‚ã‚„ã£ã¦ã„ã‚‹ã‚¹ãƒˆãƒ¬ãƒƒãƒã‚’ç´¹ä»‹ã—ã¾ã™,
/media/user/685b3289-4051-4530-9827-ef770d2e3f28/ml_projects_yeldar/cropped_youtube_insta_tiktok/Hair restoration for old men/frameNr_482_Hair restoration for old men.jpg,Hair restoration for old men,
/media/user/685b3289-4051-4530-9827-ef770d2e3f28/ml_projects_yeldar/cropped_youtube_insta_tiktok/Halloween mask & female mask/frameNr_2869_Halloween mask & female mask.jpg,Halloween mask & female mask,
/media/user/685b3289-4051-4530-9827-ef770d2e3f28/ml_projects_yeldar/cropped_youtube_insta_tiktok/How realistic can an old man silicone mask be/frameNr_283_How realistic can an old man silicone mask be.jpg,How realistic can an old man silicone mask be,
/media/user/685b3289-4051-4530-9827-ef770d2e3f28/ml_projects_yeldar/cropped_youtube_insta_tiktok/Holiday Decorating PREVIEW/frameNr_932_Holiday Decorating PREVIEW.jpg,Holiday Decorating PREVIEW,
/media/user/685b3289-4051-4530-9827-ef770d2e3f28/ml_projects_yeldar/cropped_youtube_insta_tiktok/How to color a wig with WATER/frameNr_4676_How to color a wig with WATER.jpg,How to color a wig with WATER,
/media/user/685b3289-4051-4530-9827-ef770d2e3f28/ml_projects_yeldar/cropped_youtube_insta_tiktok/HAuNTcon 2011 Tradeshow - 1313 FX Fright Zone/frameNr_2405_HAuNTcon 2011 Tradeshow - 1313 FX Fright Zone.jpg,HAuNTcon 2011 Tradeshow - 1313 FX Fright Zone,
/media/user/685b3289-4051-4530-9827-ef770d2e3f28/ml_projects_yeldar/cropped_youtube_insta_tiktok/å…¨èº«ã‚’è¦†ã„éš ã™ã‚¹ãƒ‘ã‚¤ã‚¢ã‚¤ãƒ‰ãƒ«æœˆå³¶ç³ã§ã™ã€ä»®æƒ³ã‚ªãƒ¼ãƒ‡ã‚£ã‚·ãƒ§ãƒ³ã€‘/frameNr_818_å…¨èº«ã‚’è¦†ã„éš ã™ã‚¹ãƒ‘ã‚¤ã‚¢ã‚¤ãƒ‰ãƒ«æœˆå³¶ç³ã§ã™ã€ä»®æƒ³ã‚ªãƒ¼ãƒ‡ã‚£ã‚·ãƒ§ãƒ³ã€‘.jpg,å…¨èº«ã‚’è¦†ã„éš ã™ã‚¹ãƒ‘ã‚¤ã‚¢ã‚¤ãƒ‰ãƒ«æœˆå³¶ç³ã§ã™ã€ä»®æƒ³ã‚ªãƒ¼ãƒ‡ã‚£ã‚·ãƒ§ãƒ³ã€‘,
/media/user/685b3289-4051-4530-9827-ef770d2e3f28/ml_projects_yeldar/cropped_youtube_insta_tiktok/Hanging out in park with the M26SR silicone mask ğŸ€/frameNr_507_Hanging out in park with the M26SR silicone mask ğŸ€.jpg,Hanging out in park with the M26SR silicone mask ğŸ€,
/media/user/685b3289-4051-4530-9827-ef770d2e3f28/ml_projects_yeldar/cropped_youtube_insta_tiktok/How to put on a silicone mask tutorial/frameNr_5496_How to put on a silicone mask tutorial.jpg,How to put on a silicone mask tutorial,
/media/user/685b3289-4051-4530-9827-ef770d2e3f28/ml_projects_yeldar/cropped_youtube_insta_tiktok/è¨ªå•ãƒŠãƒ¼ã‚¹ã•ã‚“ãŒæ¥ã¦ãã‚Œã¾ã—ãŸï¼ï¼/frameNr_7121_è¨ªå•ãƒŠãƒ¼ã‚¹ã•ã‚“ãŒæ¥ã¦ãã‚Œã¾ã—ãŸï¼ï¼.jpg,è¨ªå•ãƒŠãƒ¼ã‚¹ã•ã‚“ãŒæ¥ã¦ãã‚Œã¾ã—ãŸï¼ï¼,
/media/user/685b3289-4051-4530-9827-ef770d2e3f28/ml_projects_yeldar/cropped_youtube_insta_tiktok/How Masks Are Made For Hollywood  Movies Insider/frameNr_3283_How Masks Are Made For Hollywood  Movies Insider.jpg,How Masks Are Made For Hollywood  Movies Insider,
/media/user/685b3289-4051-4530-9827-ef770d2e3f28/ml_projects_yeldar/cropped_youtube_insta_tiktok/Maria wears down/frameNr_794_Maria wears down.jpg,Maria wears down,
/media/user/685b3289-4051-4530-9827-ef770d2e3f28/ml_projects_yeldar/cropped_youtube_insta_tiktok/ĞšĞ¸Ñ‚Ğ°ĞµÑ† ÑĞ¾Ğ·Ğ´Ğ°ĞµÑ‚ Ğ¾Ñ‡ĞµĞ½ÑŒ Ñ€ĞµĞ°Ğ»Ğ¸ÑÑ‚Ğ¸Ñ‡Ğ½Ñ‹Ğµ Ğ¼Ğ°ÑĞºĞ¸ shorts ĞºĞ¸Ñ‚Ğ°Ğ¹/frameNr_195_ĞšĞ¸Ñ‚Ğ°ĞµÑ† ÑĞ¾Ğ·Ğ´Ğ°ĞµÑ‚ Ğ¾Ñ‡ĞµĞ½ÑŒ Ñ€ĞµĞ°Ğ»Ğ¸ÑÑ‚Ğ¸Ñ‡Ğ½Ñ‹Ğµ Ğ¼Ğ°ÑĞºĞ¸ shorts ĞºĞ¸Ñ‚Ğ°Ğ¹.jpg,ĞšĞ¸Ñ‚Ğ°ĞµÑ† ÑĞ¾Ğ·Ğ´Ğ°ĞµÑ‚ Ğ¾Ñ‡ĞµĞ½ÑŒ Ñ€ĞµĞ°Ğ»Ğ¸ÑÑ‚Ğ¸Ñ‡Ğ½Ñ‹Ğµ Ğ¼Ğ°ÑĞºĞ¸ shorts ĞºĞ¸Ñ‚Ğ°Ğ¹,
/media/user/685b3289-4051-4530-9827-ef770d2e3f28/ml_projects_yeldar/cropped_youtube_insta_tiktok/How to put on a silicone mask like a pro/frameNr_5717_How to put on a silicone mask like a pro.jpg,How to put on a silicone mask like a pro,
/media/user/685b3289-4051-4530-9827-ef770d2e3f28/ml_projects_yeldar/cropped_youtube_insta_tiktok/Huck in Silicone MaskUnmask 02/frameNr_467_Huck in Silicone MaskUnmask 02.jpg,Huck in Silicone MaskUnmask 02,
/media/user/685b3289-4051-4530-9827-ef770d2e3f28/ml_projects_yeldar/cropped_youtube_insta_tiktok/ä»–äººã®ã€Œé¡”ã€ã§æ­©ã„ã¦ã¿ã¾ã›ã‚“ã‹ï¼Ÿå®Ÿåœ¨ã™ã‚‹äººã®ãƒã‚¹ã‚¯ã‚’è²©å£²ã¸ï¼ˆå­—å¹•ãƒ»16æ—¥ï¼‰/frameNr_1423_ä»–äººã®ã€Œé¡”ã€ã§æ­©ã„ã¦ã¿ã¾ã›ã‚“ã‹ï¼Ÿå®Ÿåœ¨ã™ã‚‹äººã®ãƒã‚¹ã‚¯ã‚’è²©å£²ã¸ï¼ˆå­—å¹•ãƒ»16æ—¥ï¼‰.jpg,ä»–äººã®ã€Œé¡”ã€ã§æ­©ã„ã¦ã¿ã¾ã›ã‚“ã‹ï¼Ÿå®Ÿåœ¨ã™ã‚‹äººã®ãƒã‚¹ã‚¯ã‚’è²©å£²ã¸ï¼ˆå­—å¹•ãƒ»16æ—¥ï¼‰,
/media/user/685b3289-4051-4530-9827-ef770d2e3f28/ml_projects_yeldar/cropped_youtube_insta_tiktok/Holy crap! Realistic silicone mask/frameNr_1734_Holy crap! Realistic silicone mask.jpg,Holy crap! Realistic silicone mask,
/media/user/685b3289-4051-4530-9827-ef770d2e3f28/ml_projects_yeldar/cropped_youtube_insta_tiktok/How Hyperreal Masks Keep Fooling People  WIRED/frameNr_10115_How Hyperreal Masks Keep Fooling People  WIRED.jpg,How Hyperreal Masks Keep Fooling People  WIRED,
/media/user/685b3289-4051-4530-9827-ef770d2e3f28/ml_projects_yeldar/cropped_youtube_insta_tiktok/ãƒªã‚¢ãƒ«HIKAKINãƒã‚¹ã‚¯ã‚’å¯æ„›ãã—ã¦ã¿ãŸâ™¡ - 20141030 SasakiAsahiVlog/frameNr_800_ãƒªã‚¢ãƒ«HIKAKINãƒã‚¹ã‚¯ã‚’å¯æ„›ãã—ã¦ã¿ãŸâ™¡ - 20141030 SasakiAsahiVlog.jpg,ãƒªã‚¢ãƒ«HIKAKINãƒã‚¹ã‚¯ã‚’å¯æ„›ãã—ã¦ã¿ãŸâ™¡ - 20141030 SasakiAsahiVlog,
/media/user/685b3289-4051-4530-9827-ef770d2e3f28/ml_projects_yeldar/cropped_youtube_insta_tiktok/Ğ£Ğ»ÑŒÑ‚Ñ€Ğ°Ñ€ĞµĞ°Ğ»Ğ¸ÑÑ‚Ğ¸Ñ‡Ğ½Ñ‹Ğµ Ğ¼Ğ°ÑĞºĞ¸/frameNr_437_Ğ£Ğ»ÑŒÑ‚Ñ€Ğ°Ñ€ĞµĞ°Ğ»Ğ¸ÑÑ‚Ğ¸Ñ‡Ğ½Ñ‹Ğµ Ğ¼Ğ°ÑĞºĞ¸.jpg,Ğ£Ğ»ÑŒÑ‚Ñ€Ğ°Ñ€ĞµĞ°Ğ»Ğ¸ÑÑ‚Ğ¸Ñ‡Ğ½Ñ‹Ğµ Ğ¼Ğ°ÑĞºĞ¸,
/media/user/685b3289-4051-4530-9827-ef770d2e3f28/ml_projects_yeldar/cropped_youtube_insta_tiktok/Ready for Halloween 3022/frameNr_1354_Ready for Halloween 3022.jpg,Ready for Halloween 3022,
/media/user/685b3289-4051-4530-9827-ef770d2e3f28/ml_projects_yeldar/cropped_youtube_insta_tiktok/Het leukste Levende Standbeeld van de Dam/frameNr_1275_Het leukste Levende Standbeeld van de Dam.jpg,Het leukste Levende Standbeeld van de Dam,
/media/user/685b3289-4051-4530-9827-ef770d2e3f28/ml_projects_yeldar/cropped_youtube_insta_tiktok/Hearts [Female mask]/frameNr_3950_Hearts [Female mask].jpg,Hearts [Female mask],
/media/user/685b3289-4051-4530-9827-ef770d2e3f28/ml_projects_yeldar/cropped_youtube_insta_tiktok/Rexona Dolls Work in progress/frameNr_553_Rexona Dolls Work in progress.jpg,Rexona Dolls Work in progress,
/media/user/685b3289-4051-4530-9827-ef770d2e3f28/ml_projects_yeldar/cropped_youtube_insta_tiktok/Half Vamp/frameNr_463_Half Vamp.jpg,Half Vamp,
/media/user/685b3289-4051-4530-9827-ef770d2e3f28/ml_projects_yeldar/cropped_youtube_insta_tiktok/Hot Girl Pranked in bedroom by old man mask/frameNr_2755_Hot Girl Pranked in bedroom by old man mask.jpg,Hot Girl Pranked in bedroom by old man mask,
/media/user/685b3289-4051-4530-9827-ef770d2e3f28/ml_projects_yeldar/cropped_youtube_insta_tiktok/How Does Masked Snow White Take A Bite On The Apple Molly S by MoliFX/frameNr_1447_How Does Masked Snow White Take A Bite On The Apple Molly S by MoliFX.jpg,How Does Masked Snow White Take A Bite On The Apple Molly S by MoliFX,
/media/user/685b3289-4051-4530-9827-ef770d2e3f28/ml_projects_yeldar/cropped_youtube_insta_tiktok/Hollywood Mask Masters Old Betty Dark Mask/frameNr_356_Hollywood Mask Masters Old Betty Dark Mask.jpg,Hollywood Mask Masters Old Betty Dark Mask,
/media/user/685b3289-4051-4530-9827-ef770d2e3f28/ml_projects_yeldar/cropped_youtube_insta_tiktok/ĞŸÑ€Ğ¸ĞºÑ€Ğ¾Ğ¹ ÑĞ²Ğ¾Ñ‘ Ğ»Ğ¸Ñ†Ğ¾ Ñ‡ÑƒĞ¶Ğ¸Ğ¼ ÑĞ¿Ğ¾Ğ½ĞµÑ† ÑĞ¾Ğ·Ğ´Ğ°Ğ» Ğ½ĞµĞ¾Ğ±Ñ‹Ñ‡Ğ½Ñ‹Ğµ Ğ¼Ğ°ÑĞºĞ¸/frameNr_1418_ĞŸÑ€Ğ¸ĞºÑ€Ğ¾Ğ¹ ÑĞ²Ğ¾Ñ‘ Ğ»Ğ¸Ñ†Ğ¾ Ñ‡ÑƒĞ¶Ğ¸Ğ¼ ÑĞ¿Ğ¾Ğ½ĞµÑ† ÑĞ¾Ğ·Ğ´Ğ°Ğ» Ğ½ĞµĞ¾Ğ±Ñ‹Ñ‡Ğ½Ñ‹Ğµ Ğ¼Ğ°ÑĞºĞ¸.jpg,ĞŸÑ€Ğ¸ĞºÑ€Ğ¾Ğ¹ ÑĞ²Ğ¾Ñ‘ Ğ»Ğ¸Ñ†Ğ¾ Ñ‡ÑƒĞ¶Ğ¸Ğ¼ ÑĞ¿Ğ¾Ğ½ĞµÑ† ÑĞ¾Ğ·Ğ´Ğ°Ğ» Ğ½ĞµĞ¾Ğ±Ñ‹Ñ‡Ğ½Ñ‹Ğµ Ğ¼Ğ°ÑĞºĞ¸,
/media/user/685b3289-4051-4530-9827-ef770d2e3f28/ml_projects_yeldar/cropped_youtube_insta_tiktok/High quality silicone mask/frameNr_306_High quality silicone mask.jpg,High quality silicone mask,
/media/user/685b3289-4051-4530-9827-ef770d2e3f28/ml_projects_yeldar/cropped_youtube_insta_tiktok/HOW TO Put On & Take Off Silicone Mask - Evolution Masks/frameNr_955_HOW TO Put On & Take Off Silicone Mask - Evolution Masks.jpg,HOW TO Put On & Take Off Silicone Mask - Evolution Masks,
/media/user/685b3289-4051-4530-9827-ef770d2e3f28/ml_projects_yeldar/cropped_youtube_insta_tiktok/ROBOT TAKE OVER! Sachi and Evie Meet Ruby Stream! MatsuriCon 2022 Kigurumi Cosplay ç€ãã‚‹ã¿/frameNr_49949_ROBOT TAKE OVER! Sachi and Evie Meet Ruby Stream! MatsuriCon 2022 Kigurumi Cosplay ç€ãã‚‹ã¿.jpg,ROBOT TAKE OVER! Sachi and Evie Meet Ruby Stream! MatsuriCon 2022 Kigurumi Cosplay ç€ãã‚‹ã¿,
/media/user/685b3289-4051-4530-9827-ef770d2e3f28/ml_projects_yeldar/cropped_youtube_insta_tiktok/Hit man Cosplay test ( silicone mask)/frameNr_2040_Hit man Cosplay test ( silicone mask).jpg,Hit man Cosplay test ( silicone mask),
/media/user/685b3289-4051-4530-9827-ef770d2e3f28/ml_projects_yeldar/cropped_youtube_insta_tiktok/Quasimodo 1975 Collectors Edition Latex Face Mask/frameNr_884_Quasimodo 1975 Collectors Edition Latex Face Mask.jpg,Quasimodo 1975 Collectors Edition Latex Face Mask,
/media/user/685b3289-4051-4530-9827-ef770d2e3f28/ml_projects_yeldar/cropped_youtube_insta_tiktok/Most cute Masking Feminine with Realistic female mask silicone  just changes with other wig/frameNr_978_Most cute Masking Feminine with Realistic female mask silicone  just changes with other wig.jpg,Most cute Masking Feminine with Realistic female mask silicone  just changes with other wig,
/media/user/685b3289-4051-4530-9827-ef770d2e3f28/ml_projects_yeldar/cropped_youtube_insta_tiktok/How to put on your silicone mask/frameNr_1552_How to put on your silicone mask.jpg,How to put on your silicone mask,
/media/user/685b3289-4051-4530-9827-ef770d2e3f28/ml_projects_yeldar/cropped_youtube_insta_tiktok/SCARY MASK PRANK ON BOYFRIEND!/frameNr_1274_SCARY MASK PRANK ON BOYFRIEND!.jpg,SCARY MASK PRANK ON BOYFRIEND!,
/media/user/685b3289-4051-4530-9827-ef770d2e3f28/ml_projects_yeldar/cropped_youtube_insta_tiktok/Halloween and Overalls (video response to TylerOakley)/frameNr_266_Halloween and Overalls (video response to TylerOakley).jpg,Halloween and Overalls (video response to TylerOakley),
/media/user/685b3289-4051-4530-9827-ef770d2e3f28/ml_projects_yeldar/cropped_youtube_insta_tiktok/ã‚«ãƒ•ã‚§ã§è‚Œã‚¿ã‚¤ãƒ„ã«ç€æ›¿ãˆã¦ãƒã‚¹ã‚¯ã®åå‰ã‚’è€ƒãˆã¦ã¿ãŸï¼/frameNr_2076_ã‚«ãƒ•ã‚§ã§è‚Œã‚¿ã‚¤ãƒ„ã«ç€æ›¿ãˆã¦ãƒã‚¹ã‚¯ã®åå‰ã‚’è€ƒãˆã¦ã¿ãŸï¼.jpg,ã‚«ãƒ•ã‚§ã§è‚Œã‚¿ã‚¤ãƒ„ã«ç€æ›¿ãˆã¦ãƒã‚¹ã‚¯ã®åå‰ã‚’è€ƒãˆã¦ã¿ãŸï¼,
/media/user/685b3289-4051-4530-9827-ef770d2e3f28/ml_projects_yeldar/cropped_youtube_insta_tiktok/high heel try (femal mask)/frameNr_1511_high heel try (femal mask).jpg,high heel try (femal mask),
/media/user/685b3289-4051-4530-9827-ef770d2e3f28/ml_projects_yeldar/cropped_youtube_insta_tiktok/å¤œéŠã³ï¾’ï½°ï¾™ï¾Šï¾ï¾„ï¾™æœ¨æ›œã€€20091210 28æ™‚å°36 47/frameNr_14304_å¤œéŠã³ï¾’ï½°ï¾™ï¾Šï¾ï¾„ï¾™æœ¨æ›œã€€20091210 28æ™‚å°36 47.jpg,å¤œéŠã³ï¾’ï½°ï¾™ï¾Šï¾ï¾„ï¾™æœ¨æ›œã€€20091210 28æ™‚å°36 47,
/media/user/685b3289-4051-4530-9827-ef770d2e3f28/ml_projects_yeldar/cropped_youtube_insta_tiktok/Japan Has Creepy Hyper Realistic Face Masks/frameNr_161_Japan Has Creepy Hyper Realistic Face Masks.jpg,Japan Has Creepy Hyper Realistic Face Masks,
/media/user/685b3289-4051-4530-9827-ef770d2e3f28/ml_projects_yeldar/cropped_youtube_insta_tiktok/æ’®å½±ä¸­ã«æˆ‘æ…¢ã§ããšæ¼ã‚‰ã—ã¦ã—ã¾ã„ã¾ã—ãŸã€ã€ã€/frameNr_8557_æ’®å½±ä¸­ã«æˆ‘æ…¢ã§ããšæ¼ã‚‰ã—ã¦ã—ã¾ã„ã¾ã—ãŸã€ã€ã€.jpg,æ’®å½±ä¸­ã«æˆ‘æ…¢ã§ããšæ¼ã‚‰ã—ã¦ã—ã¾ã„ã¾ã—ãŸã€ã€ã€,
/media/user/685b3289-4051-4530-9827-ef770d2e3f28/ml_projects_yeldar/cropped_youtube_insta_tiktok/Hot Patient scares doctor shorts/frameNr_490_Hot Patient scares doctor shorts.jpg,Hot Patient scares doctor shorts,
/media/user/685b3289-4051-4530-9827-ef770d2e3f28/ml_projects_yeldar/cropped_youtube_insta_tiktok/His reaction when he sees her face for the first timeâ€¦ ğŸ˜³ Shorts/frameNr_705_His reaction when he sees her face for the first timeâ€¦ ğŸ˜³ Shorts.jpg,His reaction when he sees her face for the first timeâ€¦ ğŸ˜³ Shorts,
/media/user/685b3289-4051-4530-9827-ef770d2e3f28/ml_projects_yeldar/cropped_youtube_insta_tiktok/How I cater for the different student learning styles/frameNr_11080_How I cater for the different student learning styles.jpg,How I cater for the different student learning styles,
/media/user/685b3289-4051-4530-9827-ef770d2e3f28/ml_projects_yeldar/cropped_youtube_insta_tiktok/Silicone Masks Look Disturbingly Realistic/frameNr_1685_Silicone Masks Look Disturbingly Realistic.jpg,Silicone Masks Look Disturbingly Realistic,
/media/user/685b3289-4051-4530-9827-ef770d2e3f28/ml_projects_yeldar/cropped_youtube_insta_tiktok/å¤œéŠã³ï¾’ï½°ï¾™ï¾Šï¾ï¾„ï¾™æœ¨æ›œã€€20091210 28æ™‚å°26 47/frameNr_13841_å¤œéŠã³ï¾’ï½°ï¾™ï¾Šï¾ï¾„ï¾™æœ¨æ›œã€€20091210 28æ™‚å°26 47.jpg,å¤œéŠã³ï¾’ï½°ï¾™ï¾Šï¾ï¾„ï¾™æœ¨æ›œã€€20091210 28æ™‚å°26 47,
/media/user/685b3289-4051-4530-9827-ef770d2e3f28/ml_projects_yeldar/cropped_youtube_insta_tiktok/Harry Potter 7 - Les Coulisses  Les Gobelins de Gringott/frameNr_10928_Harry Potter 7 - Les Coulisses  Les Gobelins de Gringott.jpg,Harry Potter 7 - Les Coulisses  Les Gobelins de Gringott,
/media/user/685b3289-4051-4530-9827-ef770d2e3f28/ml_projects_yeldar/cropped_youtube_insta_tiktok/Realdoll Maid Ft Mini on bathroom Q03/frameNr_4088_Realdoll Maid Ft Mini on bathroom Q03.jpg,Realdoll Maid Ft Mini on bathroom Q03,
/media/user/685b3289-4051-4530-9827-ef770d2e3f28/ml_projects_yeldar/cropped_youtube_insta_tiktok/æ¬¡ä¸–ä»£ã®ã‚µã‚¦ãƒŠã‚¹ãƒ¼ãƒ„ã‚’ã”ç´¹ä»‹ï¼ã‚¨ã‚¯ã‚µã‚µã‚¤ã‚ºã§ä¸­ãŒæ±—ã ãçŠ¶æ…‹ï¼/frameNr_7332_æ¬¡ä¸–ä»£ã®ã‚µã‚¦ãƒŠã‚¹ãƒ¼ãƒ„ã‚’ã”ç´¹ä»‹ï¼ã‚¨ã‚¯ã‚µã‚µã‚¤ã‚ºã§ä¸­ãŒæ±—ã ãçŠ¶æ…‹ï¼.jpg,æ¬¡ä¸–ä»£ã®ã‚µã‚¦ãƒŠã‚¹ãƒ¼ãƒ„ã‚’ã”ç´¹ä»‹ï¼ã‚¨ã‚¯ã‚µã‚µã‚¤ã‚ºã§ä¸­ãŒæ±—ã ãçŠ¶æ…‹ï¼,
/media/user/685b3289-4051-4530-9827-ef770d2e3f28/ml_projects_yeldar/cropped_youtube_insta_tiktok/ã‚¹ãƒãƒ³ã‚µãƒ¼å¥‘ç´„ã«ã‚ˆã‚Šãƒã‚¹ã‚¯å¼·åˆ¶ç€ç”¨ï¼ãƒã‚¹ã‚¯ã®ã‚«ã‚®ã¯é ã‹ã‚‰ã•ã›ã¦é ‚ãã¾ã™ï¼/frameNr_5554_ã‚¹ãƒãƒ³ã‚µãƒ¼å¥‘ç´„ã«ã‚ˆã‚Šãƒã‚¹ã‚¯å¼·åˆ¶ç€ç”¨ï¼ãƒã‚¹ã‚¯ã®ã‚«ã‚®ã¯é ã‹ã‚‰ã•ã›ã¦é ‚ãã¾ã™ï¼.jpg,ã‚¹ãƒãƒ³ã‚µãƒ¼å¥‘ç´„ã«ã‚ˆã‚Šãƒã‚¹ã‚¯å¼·åˆ¶ç€ç”¨ï¼ãƒã‚¹ã‚¯ã®ã‚«ã‚®ã¯é ã‹ã‚‰ã•ã›ã¦é ‚ãã¾ã™ï¼,
/media/user/685b3289-4051-4530-9827-ef770d2e3f28/ml_projects_yeldar/cropped_youtube_insta_tiktok/Latex Devil mask/frameNr_1438_Latex Devil mask.jpg,Latex Devil mask,
/media/user/685b3289-4051-4530-9827-ef770d2e3f28/ml_projects_yeldar/cropped_youtube_insta_tiktok/Silicone masks are so detailed they look freakishly realistic/frameNr_1709_Silicone masks are so detailed they look freakishly realistic.jpg,Silicone masks are so detailed they look freakishly realistic,
/media/user/685b3289-4051-4530-9827-ef770d2e3f28/ml_projects_yeldar/cropped_youtube_insta_tiktok/Hollywood Mask Masters Old Betty Mask/frameNr_641_Hollywood Mask Masters Old Betty Mask.jpg,Hollywood Mask Masters Old Betty Mask,
/media/user/685b3289-4051-4530-9827-ef770d2e3f28/ml_projects_yeldar/cropped_youtube_insta_tiktok/Happy Day Camp for Zombies/frameNr_2990_Happy Day Camp for Zombies.jpg,Happy Day Camp for Zombies,
/media/user/685b3289-4051-4530-9827-ef770d2e3f28/ml_projects_yeldar/cropped_youtube_insta_tiktok/ãƒã‚¤ãƒªãƒ³ã‚¬ãƒ«ãƒ¢ãƒ‡ãƒ«ã®è‡ªå·±ç´¹ä»‹ã¨Qï¼†A/frameNr_10489_ãƒã‚¤ãƒªãƒ³ã‚¬ãƒ«ãƒ¢ãƒ‡ãƒ«ã®è‡ªå·±ç´¹ä»‹ã¨Qï¼†A.jpg,ãƒã‚¤ãƒªãƒ³ã‚¬ãƒ«ãƒ¢ãƒ‡ãƒ«ã®è‡ªå·±ç´¹ä»‹ã¨Qï¼†A,
/media/user/685b3289-4051-4530-9827-ef770d2e3f28/ml_projects_yeldar/cropped_youtube_insta_tiktok/Hair Play PREVIEW/frameNr_791_Hair Play PREVIEW.jpg,Hair Play PREVIEW,
/media/user/685b3289-4051-4530-9827-ef770d2e3f28/ml_projects_yeldar/cropped_youtube_insta_tiktok/Perfect Mask Human/frameNr_1116_Perfect Mask Human.jpg,Perfect Mask Human,
/media/user/685b3289-4051-4530-9827-ef770d2e3f28/ml_projects_yeldar/cropped_youtube_insta_tiktok/Hotlips the Zombie Â«flv/frameNr_602_Hotlips the Zombie Â«flv.jpg,Hotlips the Zombie Â«flv,
/media/user/685b3289-4051-4530-9827-ef770d2e3f28/ml_projects_yeldar/cropped_youtube_insta_tiktok/moms an engineer Vlog3  Hillary Clinton Mask P/frameNr_3703_moms an engineer Vlog3  Hillary Clinton Mask P.jpg,moms an engineer Vlog3  Hillary Clinton Mask P,
/media/user/685b3289-4051-4530-9827-ef770d2e3f28/ml_projects_yeldar/cropped_youtube_insta_tiktok/Hot Granny (female mask) (silicone mask)/frameNr_417_Hot Granny (female mask) (silicone mask).jpg,Hot Granny (female mask) (silicone mask),
/media/user/685b3289-4051-4530-9827-ef770d2e3f28/ml_projects_yeldar/cropped_youtube_insta_tiktok/Haggis the Old Woman/frameNr_530_Haggis the Old Woman.jpg,Haggis the Old Woman,
/media/user/685b3289-4051-4530-9827-ef770d2e3f28/ml_projects_yeldar/cropped_youtube_insta_tiktok/Halloween shopping/frameNr_332_Halloween shopping.jpg,Halloween shopping,
/media/user/685b3289-4051-4530-9827-ef770d2e3f28/ml_projects_yeldar/cropped_youtube_insta_tiktok/Peines de coeur dune chatte franÃ§aise/frameNr_498_Peines de coeur dune chatte franÃ§aise.jpg,Peines de coeur dune chatte franÃ§aise,
/media/user/685b3289-4051-4530-9827-ef770d2e3f28/ml_projects_yeldar/cropped_youtube_insta_tiktok/Peines de coeur dune chatte FranÃ§aise de Alfredo Arias/frameNr_1776_Peines de coeur dune chatte FranÃ§aise de Alfredo Arias.jpg,Peines de coeur dune chatte FranÃ§aise de Alfredo Arias,
/media/user/685b3289-4051-4530-9827-ef770d2e3f28/ml_projects_yeldar/cropped_youtube_insta_tiktok/Hathaway plus beauty female mask/frameNr_140_Hathaway plus beauty female mask.jpg,Hathaway plus beauty female mask,
/media/user/685b3289-4051-4530-9827-ef770d2e3f28/ml_projects_yeldar/cropped_youtube_insta_tiktok/How Bodysuits Are Designed To Look Realistic In Movies & TV  Movies Insider  Insider/frameNr_8822_How Bodysuits Are Designed To Look Realistic In Movies & TV  Movies Insider  Insider.jpg,How Bodysuits Are Designed To Look Realistic In Movies & TV  Movies Insider  Insider,
/media/user/685b3289-4051-4530-9827-ef770d2e3f28/ml_projects_yeldar/cropped_youtube_insta_tiktok/How Lifelike FX Creature Masks are Made/frameNr_10538_How Lifelike FX Creature Masks are Made.jpg,How Lifelike FX Creature Masks are Made,
/media/user/685b3289-4051-4530-9827-ef770d2e3f28/ml_projects_yeldar/cropped_youtube_insta_tiktok/New female face mask With Roanyer G cup torso Form/frameNr_906_New female face mask With Roanyer G cup torso Form.jpg,New female face mask With Roanyer G cup torso Form,
/media/user/685b3289-4051-4530-9827-ef770d2e3f28/ml_projects_yeldar/cropped_youtube_insta_tiktok/MÃ¡scaras muy realistas/frameNr_1589_MÃ¡scaras muy realistas.jpg,MÃ¡scaras muy realistas,
/media/user/685b3289-4051-4530-9827-ef770d2e3f28/ml_projects_yeldar/cropped_youtube_insta_tiktok/Unforgettable Scare Prank on My Husband/frameNr_194_Unforgettable Scare Prank on My Husband.jpg,Unforgettable Scare Prank on My Husband,
/media/user/685b3289-4051-4530-9827-ef770d2e3f28/ml_projects_yeldar/cropped_youtube_insta_tiktok/Hulk beast truns to Beautiful girl/frameNr_22605_Hulk beast truns to Beautiful girl.jpg,Hulk beast truns to Beautiful girl,
/media/user/685b3289-4051-4530-9827-ef770d2e3f28/ml_projects_yeldar/cropped_youtube_insta_tiktok/How to put on and take off my Brawler silicone mask/frameNr_3060_How to put on and take off my Brawler silicone mask.jpg,How to put on and take off my Brawler silicone mask,
/media/user/685b3289-4051-4530-9827-ef770d2e3f28/ml_projects_yeldar/cropped_youtube_insta_tiktok/Pretty femmask showing all kigurumi mask in female mask live/frameNr_4035_Pretty femmask showing all kigurumi mask in female mask live.jpg,Pretty femmask showing all kigurumi mask in female mask live,
/media/user/685b3289-4051-4530-9827-ef770d2e3f28/ml_projects_yeldar/cropped_youtube_insta_tiktok/Showing off my new Roanyer doll face Lily silicone mask/frameNr_1107_Showing off my new Roanyer doll face Lily silicone mask.jpg,Showing off my new Roanyer doll face Lily silicone mask,
/media/user/685b3289-4051-4530-9827-ef770d2e3f28/ml_projects_yeldar/cropped_youtube_insta_tiktok/ã‚«ãƒ•ã‚§ã§ãƒ€ãƒ³ã‚¹ã‚·ãƒ§ãƒ¼ã‚µãƒ¼ãƒ“ã‚¹ï¼ï¼Ÿã€å¤œã«é§†ã‘ã‚‹ã€‘/frameNr_13464_ã‚«ãƒ•ã‚§ã§ãƒ€ãƒ³ã‚¹ã‚·ãƒ§ãƒ¼ã‚µãƒ¼ãƒ“ã‚¹ï¼ï¼Ÿã€å¤œã«é§†ã‘ã‚‹ã€‘.jpg,ã‚«ãƒ•ã‚§ã§ãƒ€ãƒ³ã‚¹ã‚·ãƒ§ãƒ¼ã‚µãƒ¼ãƒ“ã‚¹ï¼ï¼Ÿã€å¤œã«é§†ã‘ã‚‹ã€‘,
/media/user/685b3289-4051-4530-9827-ef770d2e3f28/ml_projects_yeldar/cropped_youtube_insta_tiktok/PhotogenicMask Asian 4   å°é¡”ãƒã‚¹ã‚¯/frameNr_0_PhotogenicMask Asian 4   å°é¡”ãƒã‚¹ã‚¯.jpg,PhotogenicMask Asian 4   å°é¡”ãƒã‚¹ã‚¯,
/media/user/685b3289-4051-4530-9827-ef770d2e3f28/ml_projects_yeldar/cropped_youtube_insta_tiktok/è¶…ãƒªã‚¢ãƒ«ï¼ã“ã‚Œã‚’è¢«ã£ã¦ã‚¢ã‚¤ãƒ‰ãƒ«æ´»å‹•ã§ã™ã‹ï¼ï¼Ÿã€æ–°ãƒ•ã‚£ãƒ¡ãƒ¼ãƒ«ãƒã‚¹ã‚¯å®Œæˆã€‘/frameNr_6439_è¶…ãƒªã‚¢ãƒ«ï¼ã“ã‚Œã‚’è¢«ã£ã¦ã‚¢ã‚¤ãƒ‰ãƒ«æ´»å‹•ã§ã™ã‹ï¼ï¼Ÿã€æ–°ãƒ•ã‚£ãƒ¡ãƒ¼ãƒ«ãƒã‚¹ã‚¯å®Œæˆã€‘.jpg,è¶…ãƒªã‚¢ãƒ«ï¼ã“ã‚Œã‚’è¢«ã£ã¦ã‚¢ã‚¤ãƒ‰ãƒ«æ´»å‹•ã§ã™ã‹ï¼ï¼Ÿã€æ–°ãƒ•ã‚£ãƒ¡ãƒ¼ãƒ«ãƒã‚¹ã‚¯å®Œæˆã€‘,
/media/user/685b3289-4051-4530-9827-ef770d2e3f28/ml_projects_yeldar/cropped_youtube_insta_tiktok/Happy Halloween!/frameNr_518_Happy Halloween!.jpg,Happy Halloween!,
/media/user/685b3289-4051-4530-9827-ef770d2e3f28/ml_projects_yeldar/cropped_youtube_insta_tiktok/moment molli & shaco @1212 in live stream before ending vid i just want shaco BACK in here/frameNr_2266_moment molli & shaco @1212 in live stream before ending vid i just want shaco BACK in here.jpg,moment molli & shaco @1212 in live stream before ending vid i just want shaco BACK in here,
/media/user/685b3289-4051-4530-9827-ef770d2e3f28/ml_projects_yeldar/cropped_youtube_insta_tiktok/ãƒã‚¹ã‚¯ã‚’è¢«ã£ãŸé€”ç«¯â€¦å¤§é˜ªã®ãŠã°ã¡ã‚ƒã‚“ãŒæ†‘ä¾ã—ã¦ã—ã¾ã†äº‹æ…‹ã«ï¼ï¼Ÿ/frameNr_8232_ãƒã‚¹ã‚¯ã‚’è¢«ã£ãŸé€”ç«¯â€¦å¤§é˜ªã®ãŠã°ã¡ã‚ƒã‚“ãŒæ†‘ä¾ã—ã¦ã—ã¾ã†äº‹æ…‹ã«ï¼ï¼Ÿ.jpg,ãƒã‚¹ã‚¯ã‚’è¢«ã£ãŸé€”ç«¯â€¦å¤§é˜ªã®ãŠã°ã¡ã‚ƒã‚“ãŒæ†‘ä¾ã—ã¦ã—ã¾ã†äº‹æ…‹ã«ï¼ï¼Ÿ,
/media/user/685b3289-4051-4530-9827-ef770d2e3f28/ml_projects_yeldar/cropped_youtube_insta_tiktok/Scared to death of scary mask/frameNr_1081_Scared to death of scary mask.jpg,Scared to death of scary mask,
/media/user/685b3289-4051-4530-9827-ef770d2e3f28/ml_projects_yeldar/cropped_youtube_insta_tiktok/Happy New Year Everyone/frameNr_582_Happy New Year Everyone.jpg,Happy New Year Everyone,
/media/user/685b3289-4051-4530-9827-ef770d2e3f28/ml_projects_yeldar/cropped_youtube_insta_tiktok/Hip Circumference over 130CM with The Kim 20  Inthemaskcom/frameNr_1489_Hip Circumference over 130CM with The Kim 20  Inthemaskcom.jpg,Hip Circumference over 130CM with The Kim 20  Inthemaskcom,
/media/user/685b3289-4051-4530-9827-ef770d2e3f28/ml_projects_yeldar/cropped_youtube_insta_tiktok/Ğ¯Ğ¿Ğ¾Ğ½Ñ†Ñ‹ Ğ½Ğ°ÑƒÑ‡Ğ¸Ğ»Ğ¸ÑÑŒ ĞºĞ»Ğ¾Ğ½Ğ¸Ñ€Ğ¾Ğ²Ğ°Ñ‚ÑŒ Ğ»Ğ¸Ñ†Ğ°  Clone your face in Japan  ã‚¶ãƒ»ãƒªã‚¢ãƒ«ãƒ•ã‚§ã‚¤ã‚¹/frameNr_418_Ğ¯Ğ¿Ğ¾Ğ½Ñ†Ñ‹ Ğ½Ğ°ÑƒÑ‡Ğ¸Ğ»Ğ¸ÑÑŒ ĞºĞ»Ğ¾Ğ½Ğ¸Ñ€Ğ¾Ğ²Ğ°Ñ‚ÑŒ Ğ»Ğ¸Ñ†Ğ°  Clone your face in Japan  ã‚¶ãƒ»ãƒªã‚¢ãƒ«ãƒ•ã‚§ã‚¤ã‚¹.jpg,Ğ¯Ğ¿Ğ¾Ğ½Ñ†Ñ‹ Ğ½Ğ°ÑƒÑ‡Ğ¸Ğ»Ğ¸ÑÑŒ ĞºĞ»Ğ¾Ğ½Ğ¸Ñ€Ğ¾Ğ²Ğ°Ñ‚ÑŒ Ğ»Ğ¸Ñ†Ğ°  Clone your face in Japan  ã‚¶ãƒ»ãƒªã‚¢ãƒ«ãƒ•ã‚§ã‚¤ã‚¹,
/media/user/685b3289-4051-4530-9827-ef770d2e3f28/ml_projects_yeldar/cropped_youtube_insta_tiktok/Walking on the Street Wearing Female Mask silicone  Mask in Public/frameNr_15260_Walking on the Street Wearing Female Mask silicone  Mask in Public.jpg,Walking on the Street Wearing Female Mask silicone  Mask in Public,
/media/user/685b3289-4051-4530-9827-ef770d2e3f28/ml_projects_yeldar/cropped_youtube_insta_tiktok/Ğ ĞµĞ°Ğ»Ğ¸ÑÑ‚Ğ¸Ñ‡Ğ½Ñ‹Ğµ 3D-Ğ¼Ğ°ÑĞºĞ¸ Ğ·Ğ° ÑĞµĞºÑƒĞ½Ğ´Ñƒ Ğ¼ĞµĞ½ÑÑÑ‚ Ğ²Ğ½ĞµÑˆĞ½Ğ¾ÑÑ‚ÑŒ Ğ´Ğ¾ Ğ½ĞµÑƒĞ·Ğ½Ğ°Ğ²Ğ°ĞµĞ¼Ğ¾ÑÑ‚Ğ¸/frameNr_552_Ğ ĞµĞ°Ğ»Ğ¸ÑÑ‚Ğ¸Ñ‡Ğ½Ñ‹Ğµ 3D-Ğ¼Ğ°ÑĞºĞ¸ Ğ·Ğ° ÑĞµĞºÑƒĞ½Ğ´Ñƒ Ğ¼ĞµĞ½ÑÑÑ‚ Ğ²Ğ½ĞµÑˆĞ½Ğ¾ÑÑ‚ÑŒ Ğ´Ğ¾ Ğ½ĞµÑƒĞ·Ğ½Ğ°Ğ²Ğ°ĞµĞ¼Ğ¾ÑÑ‚Ğ¸.jpg,Ğ ĞµĞ°Ğ»Ğ¸ÑÑ‚Ğ¸Ñ‡Ğ½Ñ‹Ğµ 3D-Ğ¼Ğ°ÑĞºĞ¸ Ğ·Ğ° ÑĞµĞºÑƒĞ½Ğ´Ñƒ Ğ¼ĞµĞ½ÑÑÑ‚ Ğ²Ğ½ĞµÑˆĞ½Ğ¾ÑÑ‚ÑŒ Ğ´Ğ¾ Ğ½ĞµÑƒĞ·Ğ½Ğ°Ğ²Ğ°ĞµĞ¼Ğ¾ÑÑ‚Ğ¸,
/media/user/685b3289-4051-4530-9827-ef770d2e3f28/ml_projects_yeldar/cropped_youtube_insta_tiktok/Watch Tom Brady Impersonator Trick Tailgaters Prior to Patriots Game/frameNr_1625_Watch Tom Brady Impersonator Trick Tailgaters Prior to Patriots Game.jpg,Watch Tom Brady Impersonator Trick Tailgaters Prior to Patriots Game,
/media/user/685b3289-4051-4530-9827-ef770d2e3f28/ml_projects_yeldar/cropped_youtube_insta_tiktok/Hey guys ğŸ™‡â€â™€ï¸ mask female realistic silicone/frameNr_466_Hey guys ğŸ™‡â€â™€ï¸ mask female realistic silicone.jpg,Hey guys ğŸ™‡â€â™€ï¸ mask female realistic silicone,
/media/user/685b3289-4051-4530-9827-ef770d2e3f28/ml_projects_yeldar/cropped_youtube_insta_tiktok/Hound face!/frameNr_479_Hound face!.jpg,Hound face!,
/media/user/685b3289-4051-4530-9827-ef770d2e3f28/ml_projects_yeldar/cropped_youtube_insta_tiktok/Halloween trends creepy Zombie SFX Make-up tutorial Halloween make-up/frameNr_6745_Halloween trends creepy Zombie SFX Make-up tutorial Halloween make-up.jpg,Halloween trends creepy Zombie SFX Make-up tutorial Halloween make-up,
/media/user/685b3289-4051-4530-9827-ef770d2e3f28/ml_projects_yeldar/cropped_youtube_insta_tiktok/mysterious manequin short movie/frameNr_1588_mysterious manequin short movie.jpg,mysterious manequin short movie,
/media/user/685b3289-4051-4530-9827-ef770d2e3f28/ml_projects_yeldar/cropped_youtube_insta_tiktok/ãƒ•ã‚£ãƒ¡ãƒ¼ãƒ«ãƒã‚¹ã‚¯ã‚’ã¤ã‘ãŸã¾ã¾ãƒ¡ã‚¤ã‚¯ã«ãƒãƒ£ãƒ¬ãƒ³ã‚¸ã—ã¦ã¿ãŸï¼ï¼/frameNr_8075_ãƒ•ã‚£ãƒ¡ãƒ¼ãƒ«ãƒã‚¹ã‚¯ã‚’ã¤ã‘ãŸã¾ã¾ãƒ¡ã‚¤ã‚¯ã«ãƒãƒ£ãƒ¬ãƒ³ã‚¸ã—ã¦ã¿ãŸï¼ï¼.jpg,ãƒ•ã‚£ãƒ¡ãƒ¼ãƒ«ãƒã‚¹ã‚¯ã‚’ã¤ã‘ãŸã¾ã¾ãƒ¡ã‚¤ã‚¯ã«ãƒãƒ£ãƒ¬ãƒ³ã‚¸ã—ã¦ã¿ãŸï¼ï¼,
/media/user/685b3289-4051-4530-9827-ef770d2e3f28/ml_projects_yeldar/cropped_youtube_insta_tiktok/Meet the Man Creating Freakily Disturbingly Realistic Masks/frameNr_2331_Meet the Man Creating Freakily Disturbingly Realistic Masks.jpg,Meet the Man Creating Freakily Disturbingly Realistic Masks,
/media/user/685b3289-4051-4530-9827-ef770d2e3f28/ml_projects_yeldar/cropped_youtube_insta_tiktok/simple doll masking/frameNr_302_simple doll masking.jpg,simple doll masking,
/media/user/685b3289-4051-4530-9827-ef770d2e3f28/ml_projects_yeldar/cropped_youtube_insta_tiktok/åƒã¨åƒå°‹ã®ä»•äº‹æ¢ã—ã€å‰ç·¨ã€‘/frameNr_1659_åƒã¨åƒå°‹ã®ä»•äº‹æ¢ã—ã€å‰ç·¨ã€‘.jpg,åƒã¨åƒå°‹ã®ä»•äº‹æ¢ã—ã€å‰ç·¨ã€‘,
/media/user/685b3289-4051-4530-9827-ef770d2e3f28/ml_projects_yeldar/cropped_youtube_insta_tiktok/How to take on and off your silicone mask!/frameNr_6257_How to take on and off your silicone mask!.jpg,How to take on and off your silicone mask!,
/media/user/685b3289-4051-4530-9827-ef770d2e3f28/ml_projects_yeldar/cropped_youtube_insta_tiktok/Mochi Naruto limited edition - unpacking Japanese sweetsğŸ¬ğŸ¬ğŸ¬é¤…ãƒŠãƒ«ãƒˆ é™å®šç‰ˆ/frameNr_497_Mochi Naruto limited edition - unpacking Japanese sweetsğŸ¬ğŸ¬ğŸ¬é¤…ãƒŠãƒ«ãƒˆ é™å®šç‰ˆ.jpg,Mochi Naruto limited edition - unpacking Japanese sweetsğŸ¬ğŸ¬ğŸ¬é¤…ãƒŠãƒ«ãƒˆ é™å®šç‰ˆ,
/media/user/685b3289-4051-4530-9827-ef770d2e3f28/ml_projects_yeldar/cropped_youtube_insta_tiktok/Happy New Year From Old Man/frameNr_162_Happy New Year From Old Man.jpg,Happy New Year From Old Man,
/media/user/685b3289-4051-4530-9827-ef770d2e3f28/ml_projects_yeldar/cropped_youtube_insta_tiktok/Poppy Gag 05/frameNr_584_Poppy Gag 05.jpg,Poppy Gag 05,
/media/user/685b3289-4051-4530-9827-ef770d2e3f28/ml_projects_yeldar/cropped_youtube_insta_tiktok/å½¼æ°ãŒå¥½ããªæœ‰æ‘æ¶ç´”é¢¨ã®é¡”ã«è¿‘ã¥ã‘ã‚ˆã†ã¨ã—ãŸçµæœâ€¦ï¼ï¼Ÿ/frameNr_1076_å½¼æ°ãŒå¥½ããªæœ‰æ‘æ¶ç´”é¢¨ã®é¡”ã«è¿‘ã¥ã‘ã‚ˆã†ã¨ã—ãŸçµæœâ€¦ï¼ï¼Ÿ.jpg,å½¼æ°ãŒå¥½ããªæœ‰æ‘æ¶ç´”é¢¨ã®é¡”ã«è¿‘ã¥ã‘ã‚ˆã†ã¨ã—ãŸçµæœâ€¦ï¼ï¼Ÿ,
/media/user/685b3289-4051-4530-9827-ef770d2e3f28/ml_projects_yeldar/cropped_youtube_insta_tiktok/Hes Scared of a Clown prank/frameNr_122_Hes Scared of a Clown prank.jpg,Hes Scared of a Clown prank,
/media/user/685b3289-4051-4530-9827-ef770d2e3f28/ml_projects_yeldar/cropped_youtube_insta_tiktok/å¤¢ã®å›½ãªã®ã«ã‚¹ãƒˆãƒ¼ã‚«ãƒ¼ã‚­ãƒ£ãƒ©ï¼ï¼Ÿç•°è‰²ãªã‚­ãƒ£ãƒ©ã‚¯ã‚¿ãƒ¼ã‚’è€ƒãˆã¦ã¿ãŸ/frameNr_10337_å¤¢ã®å›½ãªã®ã«ã‚¹ãƒˆãƒ¼ã‚«ãƒ¼ã‚­ãƒ£ãƒ©ï¼ï¼Ÿç•°è‰²ãªã‚­ãƒ£ãƒ©ã‚¯ã‚¿ãƒ¼ã‚’è€ƒãˆã¦ã¿ãŸ.jpg,å¤¢ã®å›½ãªã®ã«ã‚¹ãƒˆãƒ¼ã‚«ãƒ¼ã‚­ãƒ£ãƒ©ï¼ï¼Ÿç•°è‰²ãªã‚­ãƒ£ãƒ©ã‚¯ã‚¿ãƒ¼ã‚’è€ƒãˆã¦ã¿ãŸ,
/media/user/685b3289-4051-4530-9827-ef770d2e3f28/ml_projects_yeldar/cropped_youtube_insta_tiktok/Kigustream Female Mask  Love kigurumi Dolls/frameNr_1105464_Kigustream Female Mask  Love kigurumi Dolls.jpg,Kigustream Female Mask  Love kigurumi Dolls,
/media/user/685b3289-4051-4530-9827-ef770d2e3f28/ml_projects_yeldar/cropped_youtube_insta_tiktok/Oreo White Peach Oolang Tea ğŸªğŸ‘ã‚ªãƒ¬ã‚ªãƒ›ãƒ¯ã‚¤ãƒˆãƒ”ãƒ¼ãƒã‚¦ãƒ¼ãƒ­ãƒ³ãƒ†ã‚£ãƒ¼/frameNr_1246_Oreo White Peach Oolang Tea ğŸªğŸ‘ã‚ªãƒ¬ã‚ªãƒ›ãƒ¯ã‚¤ãƒˆãƒ”ãƒ¼ãƒã‚¦ãƒ¼ãƒ­ãƒ³ãƒ†ã‚£ãƒ¼.jpg,Oreo White Peach Oolang Tea ğŸªğŸ‘ã‚ªãƒ¬ã‚ªãƒ›ãƒ¯ã‚¤ãƒˆãƒ”ãƒ¼ãƒã‚¦ãƒ¼ãƒ­ãƒ³ãƒ†ã‚£ãƒ¼,
/media/user/685b3289-4051-4530-9827-ef770d2e3f28/ml_projects_yeldar/cropped_youtube_insta_tiktok/è­¦å¯Ÿã‹ã‚‰è¿½ã‚ã‚Œã¦ã„ã‚‹å‹äººã®ã‚¹ãƒ‘ã‚¤ã«ç§ã®é¡”ã‚’è²¸ã™ã¯ã‚ã«/frameNr_11142_è­¦å¯Ÿã‹ã‚‰è¿½ã‚ã‚Œã¦ã„ã‚‹å‹äººã®ã‚¹ãƒ‘ã‚¤ã«ç§ã®é¡”ã‚’è²¸ã™ã¯ã‚ã«.jpg,è­¦å¯Ÿã‹ã‚‰è¿½ã‚ã‚Œã¦ã„ã‚‹å‹äººã®ã‚¹ãƒ‘ã‚¤ã«ç§ã®é¡”ã‚’è²¸ã™ã¯ã‚ã«,
/media/user/685b3289-4051-4530-9827-ef770d2e3f28/ml_projects_yeldar/cropped_youtube_insta_tiktok/Hide and Seek PRANK!(Silicone Mask)/frameNr_1418_Hide and Seek PRANK!(Silicone Mask).jpg,Hide and Seek PRANK!(Silicone Mask),
/media/user/685b3289-4051-4530-9827-ef770d2e3f28/ml_projects_yeldar/cropped_youtube_insta_tiktok/He sees her face for the first time Shorts/frameNr_457_He sees her face for the first time Shorts.jpg,He sees her face for the first time Shorts,
/media/user/685b3289-4051-4530-9827-ef770d2e3f28/ml_projects_yeldar/cropped_youtube_insta_tiktok/Hi (chatroulette inspired)/frameNr_2677_Hi (chatroulette inspired).jpg,Hi (chatroulette inspired),
/media/user/685b3289-4051-4530-9827-ef770d2e3f28/ml_projects_yeldar/cropped_youtube_insta_tiktok/Shopping wearing female mask/frameNr_1198_Shopping wearing female mask.jpg,Shopping wearing female mask,
/media/user/685b3289-4051-4530-9827-ef770d2e3f28/ml_projects_yeldar/cropped_youtube_insta_tiktok/I TRIED A 500 REALISTIC SILICONE FACE MASK! TERRIFYING/frameNr_5674_I TRIED A 500 REALISTIC SILICONE FACE MASK! TERRIFYING.jpg,I TRIED A 500 REALISTIC SILICONE FACE MASK! TERRIFYING,
/media/user/685b3289-4051-4530-9827-ef770d2e3f28/ml_projects_yeldar/cropped_youtube_insta_tiktok/The Mitt Romney Mask/frameNr_1739_The Mitt Romney Mask.jpg,The Mitt Romney Mask,
/media/user/685b3289-4051-4530-9827-ef770d2e3f28/ml_projects_yeldar/cropped_youtube_insta_tiktok/é‡å¤–ãƒ—ãƒ­ãƒ¢ãƒ¼ã‚·ãƒ§ãƒ³æ’®å½±ã§ãƒãƒƒã‚¹ãƒ«ï¼/frameNr_4848_é‡å¤–ãƒ—ãƒ­ãƒ¢ãƒ¼ã‚·ãƒ§ãƒ³æ’®å½±ã§ãƒãƒƒã‚¹ãƒ«ï¼.jpg,é‡å¤–ãƒ—ãƒ­ãƒ¢ãƒ¼ã‚·ãƒ§ãƒ³æ’®å½±ã§ãƒãƒƒã‚¹ãƒ«ï¼,
/media/user/685b3289-4051-4530-9827-ef770d2e3f28/ml_projects_yeldar/cropped_youtube_insta_tiktok/ãƒ­ãƒªãƒ¼ã‚¿å¥½ãå¥³å„ªãŒã€ãƒ•ã‚£ãƒ¡ãƒ¼ãƒ«ãƒã‚¹ã‚¯ã«åˆã†ãƒ­ãƒªãƒ¼ã‚¿æœã‚’æ¯”è¼ƒã—ã¦ã¿ãŸï¼/frameNr_4613_ãƒ­ãƒªãƒ¼ã‚¿å¥½ãå¥³å„ªãŒã€ãƒ•ã‚£ãƒ¡ãƒ¼ãƒ«ãƒã‚¹ã‚¯ã«åˆã†ãƒ­ãƒªãƒ¼ã‚¿æœã‚’æ¯”è¼ƒã—ã¦ã¿ãŸï¼.jpg,ãƒ­ãƒªãƒ¼ã‚¿å¥½ãå¥³å„ªãŒã€ãƒ•ã‚£ãƒ¡ãƒ¼ãƒ«ãƒã‚¹ã‚¯ã«åˆã†ãƒ­ãƒªãƒ¼ã‚¿æœã‚’æ¯”è¼ƒã—ã¦ã¿ãŸï¼,
/media/user/685b3289-4051-4530-9827-ef770d2e3f28/ml_projects_yeldar/cropped_youtube_insta_tiktok/He Kicked Me OUT for THIS! ğŸ˜‚ğŸš— prankgonewrong/frameNr_4496_He Kicked Me OUT for THIS! ğŸ˜‚ğŸš— prankgonewrong.jpg,He Kicked Me OUT for THIS! ğŸ˜‚ğŸš— prankgonewrong,
/media/user/685b3289-4051-4530-9827-ef770d2e3f28/ml_projects_yeldar/cropped_youtube_insta_tiktok/Reginadoll wish you happy new year [Girl female mask]/frameNr_1159_Reginadoll wish you happy new year [Girl female mask].jpg,Reginadoll wish you happy new year [Girl female mask],
/media/user/685b3289-4051-4530-9827-ef770d2e3f28/ml_projects_yeldar/cropped_youtube_insta_tiktok/hillary on halloween/frameNr_721_hillary on halloween.jpg,hillary on halloween,
/media/user/685b3289-4051-4530-9827-ef770d2e3f28/ml_projects_yeldar/cropped_youtube_insta_tiktok/Halloween adventures outside/frameNr_1350_Halloween adventures outside.jpg,Halloween adventures outside,
