FPath,Subject,Dataset
/media/user/685b3289-4051-4530-9827-ef770d2e3f28/ml_projects_yeldar/cropped_youtube_insta_tiktok/Haggard standard variant with eyebrows/frameNr_210_Haggard standard variant with eyebrows.jpg,Haggard standard variant with eyebrows,cropped_youtube_insta_tiktok
/media/user/685b3289-4051-4530-9827-ef770d2e3f28/ml_projects_yeldar/cropped_youtube_insta_tiktok/Here she comes call Kali/frameNr_362_Here she comes call Kali.jpg,Here she comes call Kali,cropped_youtube_insta_tiktok
/media/user/685b3289-4051-4530-9827-ef770d2e3f28/ml_projects_yeldar/cropped_youtube_insta_tiktok/Halloween Mask Tour at Transworld 2019  Silicone Masks & More/frameNr_784_Halloween Mask Tour at Transworld 2019  Silicone Masks & More.jpg,Halloween Mask Tour at Transworld 2019  Silicone Masks & More,cropped_youtube_insta_tiktok
/media/user/685b3289-4051-4530-9827-ef770d2e3f28/ml_projects_yeldar/cropped_youtube_insta_tiktok/ãƒ¢ãƒ‡ãƒ«ã®ã‚­ãƒ£ãƒ³ãƒ‡ã‚£ãƒ¼ãŒã„ã¤ã‚‚ã‚„ã£ã¦ã„ã‚‹ã‚¹ãƒˆãƒ¬ãƒƒãƒã‚’ç´¹ä»‹ã—ã¾ã™/frameNr_4345_ãƒ¢ãƒ‡ãƒ«ã®ã‚­ãƒ£ãƒ³ãƒ‡ã‚£ãƒ¼ãŒã„ã¤ã‚‚ã‚„ã£ã¦ã„ã‚‹ã‚¹ãƒˆãƒ¬ãƒƒãƒã‚’ç´¹ä»‹ã—ã¾ã™.jpg,ãƒ¢ãƒ‡ãƒ«ã®ã‚­ãƒ£ãƒ³ãƒ‡ã‚£ãƒ¼ãŒã„ã¤ã‚‚ã‚„ã£ã¦ã„ã‚‹ã‚¹ãƒˆãƒ¬ãƒƒãƒã‚’ç´¹ä»‹ã—ã¾ã™,cropped_youtube_insta_tiktok
/media/user/685b3289-4051-4530-9827-ef770d2e3f28/ml_projects_yeldar/cropped_youtube_insta_tiktok/Hair restoration for old men/frameNr_523_Hair restoration for old men.jpg,Hair restoration for old men,cropped_youtube_insta_tiktok
/media/user/685b3289-4051-4530-9827-ef770d2e3f28/ml_projects_yeldar/cropped_youtube_insta_tiktok/Halloween mask & female mask/frameNr_609_Halloween mask & female mask.jpg,Halloween mask & female mask,cropped_youtube_insta_tiktok
/media/user/685b3289-4051-4530-9827-ef770d2e3f28/ml_projects_yeldar/cropped_youtube_insta_tiktok/How realistic can an old man silicone mask be/frameNr_212_How realistic can an old man silicone mask be.jpg,How realistic can an old man silicone mask be,cropped_youtube_insta_tiktok
/media/user/685b3289-4051-4530-9827-ef770d2e3f28/ml_projects_yeldar/cropped_youtube_insta_tiktok/Holiday Decorating PREVIEW/frameNr_929_Holiday Decorating PREVIEW.jpg,Holiday Decorating PREVIEW,cropped_youtube_insta_tiktok
/media/user/685b3289-4051-4530-9827-ef770d2e3f28/ml_projects_yeldar/cropped_youtube_insta_tiktok/How to color a wig with WATER/frameNr_4624_How to color a wig with WATER.jpg,How to color a wig with WATER,cropped_youtube_insta_tiktok
/media/user/685b3289-4051-4530-9827-ef770d2e3f28/ml_projects_yeldar/cropped_youtube_insta_tiktok/HAuNTcon 2011 Tradeshow - 1313 FX Fright Zone/frameNr_642_HAuNTcon 2011 Tradeshow - 1313 FX Fright Zone.jpg,HAuNTcon 2011 Tradeshow - 1313 FX Fright Zone,cropped_youtube_insta_tiktok
/media/user/685b3289-4051-4530-9827-ef770d2e3f28/ml_projects_yeldar/cropped_youtube_insta_tiktok/å…¨èº«ã‚’è¦†ã„éš ã™ã‚¹ãƒ‘ã‚¤ã‚¢ã‚¤ãƒ‰ãƒ«æœˆå³¶ç³ã§ã™ã€ä»®æƒ³ã‚ªãƒ¼ãƒ‡ã‚£ã‚·ãƒ§ãƒ³ã€‘/frameNr_10986_å…¨èº«ã‚’è¦†ã„éš ã™ã‚¹ãƒ‘ã‚¤ã‚¢ã‚¤ãƒ‰ãƒ«æœˆå³¶ç³ã§ã™ã€ä»®æƒ³ã‚ªãƒ¼ãƒ‡ã‚£ã‚·ãƒ§ãƒ³ã€‘.jpg,å…¨èº«ã‚’è¦†ã„éš ã™ã‚¹ãƒ‘ã‚¤ã‚¢ã‚¤ãƒ‰ãƒ«æœˆå³¶ç³ã§ã™ã€ä»®æƒ³ã‚ªãƒ¼ãƒ‡ã‚£ã‚·ãƒ§ãƒ³ã€‘,cropped_youtube_insta_tiktok
/media/user/685b3289-4051-4530-9827-ef770d2e3f28/ml_projects_yeldar/cropped_youtube_insta_tiktok/Hanging out in park with the M26SR silicone mask ğŸ€/frameNr_1209_Hanging out in park with the M26SR silicone mask ğŸ€.jpg,Hanging out in park with the M26SR silicone mask ğŸ€,cropped_youtube_insta_tiktok
/media/user/685b3289-4051-4530-9827-ef770d2e3f28/ml_projects_yeldar/cropped_youtube_insta_tiktok/How to put on a silicone mask tutorial/frameNr_5036_How to put on a silicone mask tutorial.jpg,How to put on a silicone mask tutorial,cropped_youtube_insta_tiktok
/media/user/685b3289-4051-4530-9827-ef770d2e3f28/ml_projects_yeldar/cropped_youtube_insta_tiktok/è¨ªå•ãƒŠãƒ¼ã‚¹ã•ã‚“ãŒæ¥ã¦ãã‚Œã¾ã—ãŸï¼ï¼/frameNr_5557_è¨ªå•ãƒŠãƒ¼ã‚¹ã•ã‚“ãŒæ¥ã¦ãã‚Œã¾ã—ãŸï¼ï¼.jpg,è¨ªå•ãƒŠãƒ¼ã‚¹ã•ã‚“ãŒæ¥ã¦ãã‚Œã¾ã—ãŸï¼ï¼,cropped_youtube_insta_tiktok
/media/user/685b3289-4051-4530-9827-ef770d2e3f28/ml_projects_yeldar/cropped_youtube_insta_tiktok/How Masks Are Made For Hollywood  Movies Insider/frameNr_2814_How Masks Are Made For Hollywood  Movies Insider.jpg,How Masks Are Made For Hollywood  Movies Insider,cropped_youtube_insta_tiktok
/media/user/685b3289-4051-4530-9827-ef770d2e3f28/ml_projects_yeldar/cropped_youtube_insta_tiktok/Maria wears down/frameNr_477_Maria wears down.jpg,Maria wears down,cropped_youtube_insta_tiktok
/media/user/685b3289-4051-4530-9827-ef770d2e3f28/ml_projects_yeldar/cropped_youtube_insta_tiktok/ĞšĞ¸Ñ‚Ğ°ĞµÑ† ÑĞ¾Ğ·Ğ´Ğ°ĞµÑ‚ Ğ¾Ñ‡ĞµĞ½ÑŒ Ñ€ĞµĞ°Ğ»Ğ¸ÑÑ‚Ğ¸Ñ‡Ğ½Ñ‹Ğµ Ğ¼Ğ°ÑĞºĞ¸ shorts ĞºĞ¸Ñ‚Ğ°Ğ¹/frameNr_532_ĞšĞ¸Ñ‚Ğ°ĞµÑ† ÑĞ¾Ğ·Ğ´Ğ°ĞµÑ‚ Ğ¾Ñ‡ĞµĞ½ÑŒ Ñ€ĞµĞ°Ğ»Ğ¸ÑÑ‚Ğ¸Ñ‡Ğ½Ñ‹Ğµ Ğ¼Ğ°ÑĞºĞ¸ shorts ĞºĞ¸Ñ‚Ğ°Ğ¹.jpg,ĞšĞ¸Ñ‚Ğ°ĞµÑ† ÑĞ¾Ğ·Ğ´Ğ°ĞµÑ‚ Ğ¾Ñ‡ĞµĞ½ÑŒ Ñ€ĞµĞ°Ğ»Ğ¸ÑÑ‚Ğ¸Ñ‡Ğ½Ñ‹Ğµ Ğ¼Ğ°ÑĞºĞ¸ shorts ĞºĞ¸Ñ‚Ğ°Ğ¹,cropped_youtube_insta_tiktok
/media/user/685b3289-4051-4530-9827-ef770d2e3f28/ml_projects_yeldar/cropped_youtube_insta_tiktok/How to put on a silicone mask like a pro/frameNr_5050_How to put on a silicone mask like a pro.jpg,How to put on a silicone mask like a pro,cropped_youtube_insta_tiktok
/media/user/685b3289-4051-4530-9827-ef770d2e3f28/ml_projects_yeldar/cropped_youtube_insta_tiktok/Huck in Silicone MaskUnmask 02/frameNr_756_Huck in Silicone MaskUnmask 02.jpg,Huck in Silicone MaskUnmask 02,cropped_youtube_insta_tiktok
/media/user/685b3289-4051-4530-9827-ef770d2e3f28/ml_projects_yeldar/cropped_youtube_insta_tiktok/ä»–äººã®ã€Œé¡”ã€ã§æ­©ã„ã¦ã¿ã¾ã›ã‚“ã‹ï¼Ÿå®Ÿåœ¨ã™ã‚‹äººã®ãƒã‚¹ã‚¯ã‚’è²©å£²ã¸ï¼ˆå­—å¹•ãƒ»16æ—¥ï¼‰/frameNr_462_ä»–äººã®ã€Œé¡”ã€ã§æ­©ã„ã¦ã¿ã¾ã›ã‚“ã‹ï¼Ÿå®Ÿåœ¨ã™ã‚‹äººã®ãƒã‚¹ã‚¯ã‚’è²©å£²ã¸ï¼ˆå­—å¹•ãƒ»16æ—¥ï¼‰.jpg,ä»–äººã®ã€Œé¡”ã€ã§æ­©ã„ã¦ã¿ã¾ã›ã‚“ã‹ï¼Ÿå®Ÿåœ¨ã™ã‚‹äººã®ãƒã‚¹ã‚¯ã‚’è²©å£²ã¸ï¼ˆå­—å¹•ãƒ»16æ—¥ï¼‰,cropped_youtube_insta_tiktok
/media/user/685b3289-4051-4530-9827-ef770d2e3f28/ml_projects_yeldar/cropped_youtube_insta_tiktok/Holy crap! Realistic silicone mask/frameNr_1064_Holy crap! Realistic silicone mask.jpg,Holy crap! Realistic silicone mask,cropped_youtube_insta_tiktok
/media/user/685b3289-4051-4530-9827-ef770d2e3f28/ml_projects_yeldar/cropped_youtube_insta_tiktok/How Hyperreal Masks Keep Fooling People  WIRED/frameNr_3607_How Hyperreal Masks Keep Fooling People  WIRED.jpg,How Hyperreal Masks Keep Fooling People  WIRED,cropped_youtube_insta_tiktok
/media/user/685b3289-4051-4530-9827-ef770d2e3f28/ml_projects_yeldar/cropped_youtube_insta_tiktok/ãƒªã‚¢ãƒ«HIKAKINãƒã‚¹ã‚¯ã‚’å¯æ„›ãã—ã¦ã¿ãŸâ™¡ - 20141030 SasakiAsahiVlog/frameNr_7019_ãƒªã‚¢ãƒ«HIKAKINãƒã‚¹ã‚¯ã‚’å¯æ„›ãã—ã¦ã¿ãŸâ™¡ - 20141030 SasakiAsahiVlog.jpg,ãƒªã‚¢ãƒ«HIKAKINãƒã‚¹ã‚¯ã‚’å¯æ„›ãã—ã¦ã¿ãŸâ™¡ - 20141030 SasakiAsahiVlog,cropped_youtube_insta_tiktok
/media/user/685b3289-4051-4530-9827-ef770d2e3f28/ml_projects_yeldar/cropped_youtube_insta_tiktok/Ğ£Ğ»ÑŒÑ‚Ñ€Ğ°Ñ€ĞµĞ°Ğ»Ğ¸ÑÑ‚Ğ¸Ñ‡Ğ½Ñ‹Ğµ Ğ¼Ğ°ÑĞºĞ¸/frameNr_419_Ğ£Ğ»ÑŒÑ‚Ñ€Ğ°Ñ€ĞµĞ°Ğ»Ğ¸ÑÑ‚Ğ¸Ñ‡Ğ½Ñ‹Ğµ Ğ¼Ğ°ÑĞºĞ¸.jpg,Ğ£Ğ»ÑŒÑ‚Ñ€Ğ°Ñ€ĞµĞ°Ğ»Ğ¸ÑÑ‚Ğ¸Ñ‡Ğ½Ñ‹Ğµ Ğ¼Ğ°ÑĞºĞ¸,cropped_youtube_insta_tiktok
/media/user/685b3289-4051-4530-9827-ef770d2e3f28/ml_projects_yeldar/cropped_youtube_insta_tiktok/Ready for Halloween 3022/frameNr_724_Ready for Halloween 3022.jpg,Ready for Halloween 3022,cropped_youtube_insta_tiktok
/media/user/685b3289-4051-4530-9827-ef770d2e3f28/ml_projects_yeldar/cropped_youtube_insta_tiktok/Het leukste Levende Standbeeld van de Dam/frameNr_1248_Het leukste Levende Standbeeld van de Dam.jpg,Het leukste Levende Standbeeld van de Dam,cropped_youtube_insta_tiktok
/media/user/685b3289-4051-4530-9827-ef770d2e3f28/ml_projects_yeldar/cropped_youtube_insta_tiktok/Hearts [Female mask]/frameNr_3796_Hearts [Female mask].jpg,Hearts [Female mask],cropped_youtube_insta_tiktok
/media/user/685b3289-4051-4530-9827-ef770d2e3f28/ml_projects_yeldar/cropped_youtube_insta_tiktok/Rexona Dolls Work in progress/frameNr_684_Rexona Dolls Work in progress.jpg,Rexona Dolls Work in progress,cropped_youtube_insta_tiktok
/media/user/685b3289-4051-4530-9827-ef770d2e3f28/ml_projects_yeldar/cropped_youtube_insta_tiktok/Half Vamp/frameNr_325_Half Vamp.jpg,Half Vamp,cropped_youtube_insta_tiktok
/media/user/685b3289-4051-4530-9827-ef770d2e3f28/ml_projects_yeldar/cropped_youtube_insta_tiktok/Hot Girl Pranked in bedroom by old man mask/frameNr_1740_Hot Girl Pranked in bedroom by old man mask.jpg,Hot Girl Pranked in bedroom by old man mask,cropped_youtube_insta_tiktok
/media/user/685b3289-4051-4530-9827-ef770d2e3f28/ml_projects_yeldar/cropped_youtube_insta_tiktok/How Does Masked Snow White Take A Bite On The Apple Molly S by MoliFX/frameNr_2281_How Does Masked Snow White Take A Bite On The Apple Molly S by MoliFX.jpg,How Does Masked Snow White Take A Bite On The Apple Molly S by MoliFX,cropped_youtube_insta_tiktok
/media/user/685b3289-4051-4530-9827-ef770d2e3f28/ml_projects_yeldar/cropped_youtube_insta_tiktok/Hollywood Mask Masters Old Betty Dark Mask/frameNr_17_Hollywood Mask Masters Old Betty Dark Mask.jpg,Hollywood Mask Masters Old Betty Dark Mask,cropped_youtube_insta_tiktok
/media/user/685b3289-4051-4530-9827-ef770d2e3f28/ml_projects_yeldar/cropped_youtube_insta_tiktok/ĞŸÑ€Ğ¸ĞºÑ€Ğ¾Ğ¹ ÑĞ²Ğ¾Ñ‘ Ğ»Ğ¸Ñ†Ğ¾ Ñ‡ÑƒĞ¶Ğ¸Ğ¼ ÑĞ¿Ğ¾Ğ½ĞµÑ† ÑĞ¾Ğ·Ğ´Ğ°Ğ» Ğ½ĞµĞ¾Ğ±Ñ‹Ñ‡Ğ½Ñ‹Ğµ Ğ¼Ğ°ÑĞºĞ¸/frameNr_2254_ĞŸÑ€Ğ¸ĞºÑ€Ğ¾Ğ¹ ÑĞ²Ğ¾Ñ‘ Ğ»Ğ¸Ñ†Ğ¾ Ñ‡ÑƒĞ¶Ğ¸Ğ¼ ÑĞ¿Ğ¾Ğ½ĞµÑ† ÑĞ¾Ğ·Ğ´Ğ°Ğ» Ğ½ĞµĞ¾Ğ±Ñ‹Ñ‡Ğ½Ñ‹Ğµ Ğ¼Ğ°ÑĞºĞ¸.jpg,ĞŸÑ€Ğ¸ĞºÑ€Ğ¾Ğ¹ ÑĞ²Ğ¾Ñ‘ Ğ»Ğ¸Ñ†Ğ¾ Ñ‡ÑƒĞ¶Ğ¸Ğ¼ ÑĞ¿Ğ¾Ğ½ĞµÑ† ÑĞ¾Ğ·Ğ´Ğ°Ğ» Ğ½ĞµĞ¾Ğ±Ñ‹Ñ‡Ğ½Ñ‹Ğµ Ğ¼Ğ°ÑĞºĞ¸,cropped_youtube_insta_tiktok
/media/user/685b3289-4051-4530-9827-ef770d2e3f28/ml_projects_yeldar/cropped_youtube_insta_tiktok/High quality silicone mask/frameNr_411_High quality silicone mask.jpg,High quality silicone mask,cropped_youtube_insta_tiktok
/media/user/685b3289-4051-4530-9827-ef770d2e3f28/ml_projects_yeldar/cropped_youtube_insta_tiktok/HOW TO Put On & Take Off Silicone Mask - Evolution Masks/frameNr_2218_HOW TO Put On & Take Off Silicone Mask - Evolution Masks.jpg,HOW TO Put On & Take Off Silicone Mask - Evolution Masks,cropped_youtube_insta_tiktok
/media/user/685b3289-4051-4530-9827-ef770d2e3f28/ml_projects_yeldar/cropped_youtube_insta_tiktok/ROBOT TAKE OVER! Sachi and Evie Meet Ruby Stream! MatsuriCon 2022 Kigurumi Cosplay ç€ãã‚‹ã¿/frameNr_142879_ROBOT TAKE OVER! Sachi and Evie Meet Ruby Stream! MatsuriCon 2022 Kigurumi Cosplay ç€ãã‚‹ã¿.jpg,ROBOT TAKE OVER! Sachi and Evie Meet Ruby Stream! MatsuriCon 2022 Kigurumi Cosplay ç€ãã‚‹ã¿,cropped_youtube_insta_tiktok
/media/user/685b3289-4051-4530-9827-ef770d2e3f28/ml_projects_yeldar/cropped_youtube_insta_tiktok/Hit man Cosplay test ( silicone mask)/frameNr_226_Hit man Cosplay test ( silicone mask).jpg,Hit man Cosplay test ( silicone mask),cropped_youtube_insta_tiktok
/media/user/685b3289-4051-4530-9827-ef770d2e3f28/ml_projects_yeldar/cropped_youtube_insta_tiktok/Quasimodo 1975 Collectors Edition Latex Face Mask/frameNr_361_Quasimodo 1975 Collectors Edition Latex Face Mask.jpg,Quasimodo 1975 Collectors Edition Latex Face Mask,cropped_youtube_insta_tiktok
/media/user/685b3289-4051-4530-9827-ef770d2e3f28/ml_projects_yeldar/cropped_youtube_insta_tiktok/Most cute Masking Feminine with Realistic female mask silicone  just changes with other wig/frameNr_1735_Most cute Masking Feminine with Realistic female mask silicone  just changes with other wig.jpg,Most cute Masking Feminine with Realistic female mask silicone  just changes with other wig,cropped_youtube_insta_tiktok
/media/user/685b3289-4051-4530-9827-ef770d2e3f28/ml_projects_yeldar/cropped_youtube_insta_tiktok/How to put on your silicone mask/frameNr_299_How to put on your silicone mask.jpg,How to put on your silicone mask,cropped_youtube_insta_tiktok
/media/user/685b3289-4051-4530-9827-ef770d2e3f28/ml_projects_yeldar/cropped_youtube_insta_tiktok/SCARY MASK PRANK ON BOYFRIEND!/frameNr_220_SCARY MASK PRANK ON BOYFRIEND!.jpg,SCARY MASK PRANK ON BOYFRIEND!,cropped_youtube_insta_tiktok
/media/user/685b3289-4051-4530-9827-ef770d2e3f28/ml_projects_yeldar/cropped_youtube_insta_tiktok/Halloween and Overalls (video response to TylerOakley)/frameNr_1725_Halloween and Overalls (video response to TylerOakley).jpg,Halloween and Overalls (video response to TylerOakley),cropped_youtube_insta_tiktok
/media/user/685b3289-4051-4530-9827-ef770d2e3f28/ml_projects_yeldar/cropped_youtube_insta_tiktok/ã‚«ãƒ•ã‚§ã§è‚Œã‚¿ã‚¤ãƒ„ã«ç€æ›¿ãˆã¦ãƒã‚¹ã‚¯ã®åå‰ã‚’è€ƒãˆã¦ã¿ãŸï¼/frameNr_10958_ã‚«ãƒ•ã‚§ã§è‚Œã‚¿ã‚¤ãƒ„ã«ç€æ›¿ãˆã¦ãƒã‚¹ã‚¯ã®åå‰ã‚’è€ƒãˆã¦ã¿ãŸï¼.jpg,ã‚«ãƒ•ã‚§ã§è‚Œã‚¿ã‚¤ãƒ„ã«ç€æ›¿ãˆã¦ãƒã‚¹ã‚¯ã®åå‰ã‚’è€ƒãˆã¦ã¿ãŸï¼,cropped_youtube_insta_tiktok
/media/user/685b3289-4051-4530-9827-ef770d2e3f28/ml_projects_yeldar/cropped_youtube_insta_tiktok/high heel try (femal mask)/frameNr_1118_high heel try (femal mask).jpg,high heel try (femal mask),cropped_youtube_insta_tiktok
/media/user/685b3289-4051-4530-9827-ef770d2e3f28/ml_projects_yeldar/cropped_youtube_insta_tiktok/å¤œéŠã³ï¾’ï½°ï¾™ï¾Šï¾ï¾„ï¾™æœ¨æ›œã€€20091210 28æ™‚å°36 47/frameNr_14757_å¤œéŠã³ï¾’ï½°ï¾™ï¾Šï¾ï¾„ï¾™æœ¨æ›œã€€20091210 28æ™‚å°36 47.jpg,å¤œéŠã³ï¾’ï½°ï¾™ï¾Šï¾ï¾„ï¾™æœ¨æ›œã€€20091210 28æ™‚å°36 47,cropped_youtube_insta_tiktok
/media/user/685b3289-4051-4530-9827-ef770d2e3f28/ml_projects_yeldar/cropped_youtube_insta_tiktok/Japan Has Creepy Hyper Realistic Face Masks/frameNr_281_Japan Has Creepy Hyper Realistic Face Masks.jpg,Japan Has Creepy Hyper Realistic Face Masks,cropped_youtube_insta_tiktok
/media/user/685b3289-4051-4530-9827-ef770d2e3f28/ml_projects_yeldar/cropped_youtube_insta_tiktok/æ’®å½±ä¸­ã«æˆ‘æ…¢ã§ããšæ¼ã‚‰ã—ã¦ã—ã¾ã„ã¾ã—ãŸã€ã€ã€/frameNr_5295_æ’®å½±ä¸­ã«æˆ‘æ…¢ã§ããšæ¼ã‚‰ã—ã¦ã—ã¾ã„ã¾ã—ãŸã€ã€ã€.jpg,æ’®å½±ä¸­ã«æˆ‘æ…¢ã§ããšæ¼ã‚‰ã—ã¦ã—ã¾ã„ã¾ã—ãŸã€ã€ã€,cropped_youtube_insta_tiktok
/media/user/685b3289-4051-4530-9827-ef770d2e3f28/ml_projects_yeldar/cropped_youtube_insta_tiktok/Hot Patient scares doctor shorts/frameNr_251_Hot Patient scares doctor shorts.jpg,Hot Patient scares doctor shorts,cropped_youtube_insta_tiktok
/media/user/685b3289-4051-4530-9827-ef770d2e3f28/ml_projects_yeldar/cropped_youtube_insta_tiktok/His reaction when he sees her face for the first timeâ€¦ ğŸ˜³ Shorts/frameNr_337_His reaction when he sees her face for the first timeâ€¦ ğŸ˜³ Shorts.jpg,His reaction when he sees her face for the first timeâ€¦ ğŸ˜³ Shorts,cropped_youtube_insta_tiktok
/media/user/685b3289-4051-4530-9827-ef770d2e3f28/ml_projects_yeldar/cropped_youtube_insta_tiktok/How I cater for the different student learning styles/frameNr_3195_How I cater for the different student learning styles.jpg,How I cater for the different student learning styles,cropped_youtube_insta_tiktok
/media/user/685b3289-4051-4530-9827-ef770d2e3f28/ml_projects_yeldar/cropped_youtube_insta_tiktok/Silicone Masks Look Disturbingly Realistic/frameNr_308_Silicone Masks Look Disturbingly Realistic.jpg,Silicone Masks Look Disturbingly Realistic,cropped_youtube_insta_tiktok
/media/user/685b3289-4051-4530-9827-ef770d2e3f28/ml_projects_yeldar/cropped_youtube_insta_tiktok/å¤œéŠã³ï¾’ï½°ï¾™ï¾Šï¾ï¾„ï¾™æœ¨æ›œã€€20091210 28æ™‚å°26 47/frameNr_16882_å¤œéŠã³ï¾’ï½°ï¾™ï¾Šï¾ï¾„ï¾™æœ¨æ›œã€€20091210 28æ™‚å°26 47.jpg,å¤œéŠã³ï¾’ï½°ï¾™ï¾Šï¾ï¾„ï¾™æœ¨æ›œã€€20091210 28æ™‚å°26 47,cropped_youtube_insta_tiktok
/media/user/685b3289-4051-4530-9827-ef770d2e3f28/ml_projects_yeldar/cropped_youtube_insta_tiktok/Harry Potter 7 - Les Coulisses  Les Gobelins de Gringott/frameNr_5365_Harry Potter 7 - Les Coulisses  Les Gobelins de Gringott.jpg,Harry Potter 7 - Les Coulisses  Les Gobelins de Gringott,cropped_youtube_insta_tiktok
/media/user/685b3289-4051-4530-9827-ef770d2e3f28/ml_projects_yeldar/cropped_youtube_insta_tiktok/Realdoll Maid Ft Mini on bathroom Q03/frameNr_4813_Realdoll Maid Ft Mini on bathroom Q03.jpg,Realdoll Maid Ft Mini on bathroom Q03,cropped_youtube_insta_tiktok
/media/user/685b3289-4051-4530-9827-ef770d2e3f28/ml_projects_yeldar/cropped_youtube_insta_tiktok/æ¬¡ä¸–ä»£ã®ã‚µã‚¦ãƒŠã‚¹ãƒ¼ãƒ„ã‚’ã”ç´¹ä»‹ï¼ã‚¨ã‚¯ã‚µã‚µã‚¤ã‚ºã§ä¸­ãŒæ±—ã ãçŠ¶æ…‹ï¼/frameNr_4114_æ¬¡ä¸–ä»£ã®ã‚µã‚¦ãƒŠã‚¹ãƒ¼ãƒ„ã‚’ã”ç´¹ä»‹ï¼ã‚¨ã‚¯ã‚µã‚µã‚¤ã‚ºã§ä¸­ãŒæ±—ã ãçŠ¶æ…‹ï¼.jpg,æ¬¡ä¸–ä»£ã®ã‚µã‚¦ãƒŠã‚¹ãƒ¼ãƒ„ã‚’ã”ç´¹ä»‹ï¼ã‚¨ã‚¯ã‚µã‚µã‚¤ã‚ºã§ä¸­ãŒæ±—ã ãçŠ¶æ…‹ï¼,cropped_youtube_insta_tiktok
/media/user/685b3289-4051-4530-9827-ef770d2e3f28/ml_projects_yeldar/cropped_youtube_insta_tiktok/ã‚¹ãƒãƒ³ã‚µãƒ¼å¥‘ç´„ã«ã‚ˆã‚Šãƒã‚¹ã‚¯å¼·åˆ¶ç€ç”¨ï¼ãƒã‚¹ã‚¯ã®ã‚«ã‚®ã¯é ã‹ã‚‰ã•ã›ã¦é ‚ãã¾ã™ï¼/frameNr_4805_ã‚¹ãƒãƒ³ã‚µãƒ¼å¥‘ç´„ã«ã‚ˆã‚Šãƒã‚¹ã‚¯å¼·åˆ¶ç€ç”¨ï¼ãƒã‚¹ã‚¯ã®ã‚«ã‚®ã¯é ã‹ã‚‰ã•ã›ã¦é ‚ãã¾ã™ï¼.jpg,ã‚¹ãƒãƒ³ã‚µãƒ¼å¥‘ç´„ã«ã‚ˆã‚Šãƒã‚¹ã‚¯å¼·åˆ¶ç€ç”¨ï¼ãƒã‚¹ã‚¯ã®ã‚«ã‚®ã¯é ã‹ã‚‰ã•ã›ã¦é ‚ãã¾ã™ï¼,cropped_youtube_insta_tiktok
/media/user/685b3289-4051-4530-9827-ef770d2e3f28/ml_projects_yeldar/cropped_youtube_insta_tiktok/Latex Devil mask/frameNr_1412_Latex Devil mask.jpg,Latex Devil mask,cropped_youtube_insta_tiktok
/media/user/685b3289-4051-4530-9827-ef770d2e3f28/ml_projects_yeldar/cropped_youtube_insta_tiktok/Silicone masks are so detailed they look freakishly realistic/frameNr_1554_Silicone masks are so detailed they look freakishly realistic.jpg,Silicone masks are so detailed they look freakishly realistic,cropped_youtube_insta_tiktok
/media/user/685b3289-4051-4530-9827-ef770d2e3f28/ml_projects_yeldar/cropped_youtube_insta_tiktok/Hollywood Mask Masters Old Betty Mask/frameNr_597_Hollywood Mask Masters Old Betty Mask.jpg,Hollywood Mask Masters Old Betty Mask,cropped_youtube_insta_tiktok
/media/user/685b3289-4051-4530-9827-ef770d2e3f28/ml_projects_yeldar/cropped_youtube_insta_tiktok/Happy Day Camp for Zombies/frameNr_285_Happy Day Camp for Zombies.jpg,Happy Day Camp for Zombies,cropped_youtube_insta_tiktok
/media/user/685b3289-4051-4530-9827-ef770d2e3f28/ml_projects_yeldar/cropped_youtube_insta_tiktok/ãƒã‚¤ãƒªãƒ³ã‚¬ãƒ«ãƒ¢ãƒ‡ãƒ«ã®è‡ªå·±ç´¹ä»‹ã¨Qï¼†A/frameNr_12167_ãƒã‚¤ãƒªãƒ³ã‚¬ãƒ«ãƒ¢ãƒ‡ãƒ«ã®è‡ªå·±ç´¹ä»‹ã¨Qï¼†A.jpg,ãƒã‚¤ãƒªãƒ³ã‚¬ãƒ«ãƒ¢ãƒ‡ãƒ«ã®è‡ªå·±ç´¹ä»‹ã¨Qï¼†A,cropped_youtube_insta_tiktok
/media/user/685b3289-4051-4530-9827-ef770d2e3f28/ml_projects_yeldar/cropped_youtube_insta_tiktok/Hair Play PREVIEW/frameNr_393_Hair Play PREVIEW.jpg,Hair Play PREVIEW,cropped_youtube_insta_tiktok
/media/user/685b3289-4051-4530-9827-ef770d2e3f28/ml_projects_yeldar/cropped_youtube_insta_tiktok/Perfect Mask Human/frameNr_21_Perfect Mask Human.jpg,Perfect Mask Human,cropped_youtube_insta_tiktok
/media/user/685b3289-4051-4530-9827-ef770d2e3f28/ml_projects_yeldar/cropped_youtube_insta_tiktok/Hotlips the Zombie Â«flv/frameNr_134_Hotlips the Zombie Â«flv.jpg,Hotlips the Zombie Â«flv,cropped_youtube_insta_tiktok
/media/user/685b3289-4051-4530-9827-ef770d2e3f28/ml_projects_yeldar/cropped_youtube_insta_tiktok/moms an engineer Vlog3  Hillary Clinton Mask P/frameNr_1328_moms an engineer Vlog3  Hillary Clinton Mask P.jpg,moms an engineer Vlog3  Hillary Clinton Mask P,cropped_youtube_insta_tiktok
/media/user/685b3289-4051-4530-9827-ef770d2e3f28/ml_projects_yeldar/cropped_youtube_insta_tiktok/Hot Granny (female mask) (silicone mask)/frameNr_137_Hot Granny (female mask) (silicone mask).jpg,Hot Granny (female mask) (silicone mask),cropped_youtube_insta_tiktok
/media/user/685b3289-4051-4530-9827-ef770d2e3f28/ml_projects_yeldar/cropped_youtube_insta_tiktok/Haggis the Old Woman/frameNr_39_Haggis the Old Woman.jpg,Haggis the Old Woman,cropped_youtube_insta_tiktok
/media/user/685b3289-4051-4530-9827-ef770d2e3f28/ml_projects_yeldar/cropped_youtube_insta_tiktok/Halloween shopping/frameNr_211_Halloween shopping.jpg,Halloween shopping,cropped_youtube_insta_tiktok
/media/user/685b3289-4051-4530-9827-ef770d2e3f28/ml_projects_yeldar/cropped_youtube_insta_tiktok/Peines de coeur dune chatte franÃ§aise/frameNr_1690_Peines de coeur dune chatte franÃ§aise.jpg,Peines de coeur dune chatte franÃ§aise,cropped_youtube_insta_tiktok
/media/user/685b3289-4051-4530-9827-ef770d2e3f28/ml_projects_yeldar/cropped_youtube_insta_tiktok/Peines de coeur dune chatte FranÃ§aise de Alfredo Arias/frameNr_2665_Peines de coeur dune chatte FranÃ§aise de Alfredo Arias.jpg,Peines de coeur dune chatte FranÃ§aise de Alfredo Arias,cropped_youtube_insta_tiktok
/media/user/685b3289-4051-4530-9827-ef770d2e3f28/ml_projects_yeldar/cropped_youtube_insta_tiktok/Hathaway plus beauty female mask/frameNr_1187_Hathaway plus beauty female mask.jpg,Hathaway plus beauty female mask,cropped_youtube_insta_tiktok
/media/user/685b3289-4051-4530-9827-ef770d2e3f28/ml_projects_yeldar/cropped_youtube_insta_tiktok/How Bodysuits Are Designed To Look Realistic In Movies & TV  Movies Insider  Insider/frameNr_12790_How Bodysuits Are Designed To Look Realistic In Movies & TV  Movies Insider  Insider.jpg,How Bodysuits Are Designed To Look Realistic In Movies & TV  Movies Insider  Insider,cropped_youtube_insta_tiktok
/media/user/685b3289-4051-4530-9827-ef770d2e3f28/ml_projects_yeldar/cropped_youtube_insta_tiktok/How Lifelike FX Creature Masks are Made/frameNr_22367_How Lifelike FX Creature Masks are Made.jpg,How Lifelike FX Creature Masks are Made,cropped_youtube_insta_tiktok
/media/user/685b3289-4051-4530-9827-ef770d2e3f28/ml_projects_yeldar/cropped_youtube_insta_tiktok/New female face mask With Roanyer G cup torso Form/frameNr_3249_New female face mask With Roanyer G cup torso Form.jpg,New female face mask With Roanyer G cup torso Form,cropped_youtube_insta_tiktok
/media/user/685b3289-4051-4530-9827-ef770d2e3f28/ml_projects_yeldar/cropped_youtube_insta_tiktok/MÃ¡scaras muy realistas/frameNr_566_MÃ¡scaras muy realistas.jpg,MÃ¡scaras muy realistas,cropped_youtube_insta_tiktok
/media/user/685b3289-4051-4530-9827-ef770d2e3f28/ml_projects_yeldar/cropped_youtube_insta_tiktok/Unforgettable Scare Prank on My Husband/frameNr_256_Unforgettable Scare Prank on My Husband.jpg,Unforgettable Scare Prank on My Husband,cropped_youtube_insta_tiktok
/media/user/685b3289-4051-4530-9827-ef770d2e3f28/ml_projects_yeldar/cropped_youtube_insta_tiktok/Hulk beast truns to Beautiful girl/frameNr_405_Hulk beast truns to Beautiful girl.jpg,Hulk beast truns to Beautiful girl,cropped_youtube_insta_tiktok
/media/user/685b3289-4051-4530-9827-ef770d2e3f28/ml_projects_yeldar/cropped_youtube_insta_tiktok/How to put on and take off my Brawler silicone mask/frameNr_744_How to put on and take off my Brawler silicone mask.jpg,How to put on and take off my Brawler silicone mask,cropped_youtube_insta_tiktok
/media/user/685b3289-4051-4530-9827-ef770d2e3f28/ml_projects_yeldar/cropped_youtube_insta_tiktok/Pretty femmask showing all kigurumi mask in female mask live/frameNr_4692_Pretty femmask showing all kigurumi mask in female mask live.jpg,Pretty femmask showing all kigurumi mask in female mask live,cropped_youtube_insta_tiktok
/media/user/685b3289-4051-4530-9827-ef770d2e3f28/ml_projects_yeldar/cropped_youtube_insta_tiktok/Showing off my new Roanyer doll face Lily silicone mask/frameNr_304_Showing off my new Roanyer doll face Lily silicone mask.jpg,Showing off my new Roanyer doll face Lily silicone mask,cropped_youtube_insta_tiktok
/media/user/685b3289-4051-4530-9827-ef770d2e3f28/ml_projects_yeldar/cropped_youtube_insta_tiktok/ã‚«ãƒ•ã‚§ã§ãƒ€ãƒ³ã‚¹ã‚·ãƒ§ãƒ¼ã‚µãƒ¼ãƒ“ã‚¹ï¼ï¼Ÿã€å¤œã«é§†ã‘ã‚‹ã€‘/frameNr_986_ã‚«ãƒ•ã‚§ã§ãƒ€ãƒ³ã‚¹ã‚·ãƒ§ãƒ¼ã‚µãƒ¼ãƒ“ã‚¹ï¼ï¼Ÿã€å¤œã«é§†ã‘ã‚‹ã€‘.jpg,ã‚«ãƒ•ã‚§ã§ãƒ€ãƒ³ã‚¹ã‚·ãƒ§ãƒ¼ã‚µãƒ¼ãƒ“ã‚¹ï¼ï¼Ÿã€å¤œã«é§†ã‘ã‚‹ã€‘,cropped_youtube_insta_tiktok
/media/user/685b3289-4051-4530-9827-ef770d2e3f28/ml_projects_yeldar/cropped_youtube_insta_tiktok/PhotogenicMask Asian 4   å°é¡”ãƒã‚¹ã‚¯/frameNr_533_PhotogenicMask Asian 4   å°é¡”ãƒã‚¹ã‚¯.jpg,PhotogenicMask Asian 4   å°é¡”ãƒã‚¹ã‚¯,cropped_youtube_insta_tiktok
/media/user/685b3289-4051-4530-9827-ef770d2e3f28/ml_projects_yeldar/cropped_youtube_insta_tiktok/è¶…ãƒªã‚¢ãƒ«ï¼ã“ã‚Œã‚’è¢«ã£ã¦ã‚¢ã‚¤ãƒ‰ãƒ«æ´»å‹•ã§ã™ã‹ï¼ï¼Ÿã€æ–°ãƒ•ã‚£ãƒ¡ãƒ¼ãƒ«ãƒã‚¹ã‚¯å®Œæˆã€‘/frameNr_17880_è¶…ãƒªã‚¢ãƒ«ï¼ã“ã‚Œã‚’è¢«ã£ã¦ã‚¢ã‚¤ãƒ‰ãƒ«æ´»å‹•ã§ã™ã‹ï¼ï¼Ÿã€æ–°ãƒ•ã‚£ãƒ¡ãƒ¼ãƒ«ãƒã‚¹ã‚¯å®Œæˆã€‘.jpg,è¶…ãƒªã‚¢ãƒ«ï¼ã“ã‚Œã‚’è¢«ã£ã¦ã‚¢ã‚¤ãƒ‰ãƒ«æ´»å‹•ã§ã™ã‹ï¼ï¼Ÿã€æ–°ãƒ•ã‚£ãƒ¡ãƒ¼ãƒ«ãƒã‚¹ã‚¯å®Œæˆã€‘,cropped_youtube_insta_tiktok
/media/user/685b3289-4051-4530-9827-ef770d2e3f28/ml_projects_yeldar/cropped_youtube_insta_tiktok/Happy Halloween!/frameNr_588_Happy Halloween!.jpg,Happy Halloween!,cropped_youtube_insta_tiktok
/media/user/685b3289-4051-4530-9827-ef770d2e3f28/ml_projects_yeldar/cropped_youtube_insta_tiktok/moment molli & shaco @1212 in live stream before ending vid i just want shaco BACK in here/frameNr_19973_moment molli & shaco @1212 in live stream before ending vid i just want shaco BACK in here.jpg,moment molli & shaco @1212 in live stream before ending vid i just want shaco BACK in here,cropped_youtube_insta_tiktok
/media/user/685b3289-4051-4530-9827-ef770d2e3f28/ml_projects_yeldar/cropped_youtube_insta_tiktok/ãƒã‚¹ã‚¯ã‚’è¢«ã£ãŸé€”ç«¯â€¦å¤§é˜ªã®ãŠã°ã¡ã‚ƒã‚“ãŒæ†‘ä¾ã—ã¦ã—ã¾ã†äº‹æ…‹ã«ï¼ï¼Ÿ/frameNr_10519_ãƒã‚¹ã‚¯ã‚’è¢«ã£ãŸé€”ç«¯â€¦å¤§é˜ªã®ãŠã°ã¡ã‚ƒã‚“ãŒæ†‘ä¾ã—ã¦ã—ã¾ã†äº‹æ…‹ã«ï¼ï¼Ÿ.jpg,ãƒã‚¹ã‚¯ã‚’è¢«ã£ãŸé€”ç«¯â€¦å¤§é˜ªã®ãŠã°ã¡ã‚ƒã‚“ãŒæ†‘ä¾ã—ã¦ã—ã¾ã†äº‹æ…‹ã«ï¼ï¼Ÿ,cropped_youtube_insta_tiktok
/media/user/685b3289-4051-4530-9827-ef770d2e3f28/ml_projects_yeldar/cropped_youtube_insta_tiktok/Scared to death of scary mask/frameNr_822_Scared to death of scary mask.jpg,Scared to death of scary mask,cropped_youtube_insta_tiktok
/media/user/685b3289-4051-4530-9827-ef770d2e3f28/ml_projects_yeldar/cropped_youtube_insta_tiktok/Happy New Year Everyone/frameNr_1301_Happy New Year Everyone.jpg,Happy New Year Everyone,cropped_youtube_insta_tiktok
/media/user/685b3289-4051-4530-9827-ef770d2e3f28/ml_projects_yeldar/cropped_youtube_insta_tiktok/Hip Circumference over 130CM with The Kim 20  Inthemaskcom/frameNr_1007_Hip Circumference over 130CM with The Kim 20  Inthemaskcom.jpg,Hip Circumference over 130CM with The Kim 20  Inthemaskcom,cropped_youtube_insta_tiktok
/media/user/685b3289-4051-4530-9827-ef770d2e3f28/ml_projects_yeldar/cropped_youtube_insta_tiktok/Ğ¯Ğ¿Ğ¾Ğ½Ñ†Ñ‹ Ğ½Ğ°ÑƒÑ‡Ğ¸Ğ»Ğ¸ÑÑŒ ĞºĞ»Ğ¾Ğ½Ğ¸Ñ€Ğ¾Ğ²Ğ°Ñ‚ÑŒ Ğ»Ğ¸Ñ†Ğ°  Clone your face in Japan  ã‚¶ãƒ»ãƒªã‚¢ãƒ«ãƒ•ã‚§ã‚¤ã‚¹/frameNr_2362_Ğ¯Ğ¿Ğ¾Ğ½Ñ†Ñ‹ Ğ½Ğ°ÑƒÑ‡Ğ¸Ğ»Ğ¸ÑÑŒ ĞºĞ»Ğ¾Ğ½Ğ¸Ñ€Ğ¾Ğ²Ğ°Ñ‚ÑŒ Ğ»Ğ¸Ñ†Ğ°  Clone your face in Japan  ã‚¶ãƒ»ãƒªã‚¢ãƒ«ãƒ•ã‚§ã‚¤ã‚¹.jpg,Ğ¯Ğ¿Ğ¾Ğ½Ñ†Ñ‹ Ğ½Ğ°ÑƒÑ‡Ğ¸Ğ»Ğ¸ÑÑŒ ĞºĞ»Ğ¾Ğ½Ğ¸Ñ€Ğ¾Ğ²Ğ°Ñ‚ÑŒ Ğ»Ğ¸Ñ†Ğ°  Clone your face in Japan  ã‚¶ãƒ»ãƒªã‚¢ãƒ«ãƒ•ã‚§ã‚¤ã‚¹,cropped_youtube_insta_tiktok
/media/user/685b3289-4051-4530-9827-ef770d2e3f28/ml_projects_yeldar/cropped_youtube_insta_tiktok/Walking on the Street Wearing Female Mask silicone  Mask in Public/frameNr_7653_Walking on the Street Wearing Female Mask silicone  Mask in Public.jpg,Walking on the Street Wearing Female Mask silicone  Mask in Public,cropped_youtube_insta_tiktok
/media/user/685b3289-4051-4530-9827-ef770d2e3f28/ml_projects_yeldar/cropped_youtube_insta_tiktok/Ğ ĞµĞ°Ğ»Ğ¸ÑÑ‚Ğ¸Ñ‡Ğ½Ñ‹Ğµ 3D-Ğ¼Ğ°ÑĞºĞ¸ Ğ·Ğ° ÑĞµĞºÑƒĞ½Ğ´Ñƒ Ğ¼ĞµĞ½ÑÑÑ‚ Ğ²Ğ½ĞµÑˆĞ½Ğ¾ÑÑ‚ÑŒ Ğ´Ğ¾ Ğ½ĞµÑƒĞ·Ğ½Ğ°Ğ²Ğ°ĞµĞ¼Ğ¾ÑÑ‚Ğ¸/frameNr_1400_Ğ ĞµĞ°Ğ»Ğ¸ÑÑ‚Ğ¸Ñ‡Ğ½Ñ‹Ğµ 3D-Ğ¼Ğ°ÑĞºĞ¸ Ğ·Ğ° ÑĞµĞºÑƒĞ½Ğ´Ñƒ Ğ¼ĞµĞ½ÑÑÑ‚ Ğ²Ğ½ĞµÑˆĞ½Ğ¾ÑÑ‚ÑŒ Ğ´Ğ¾ Ğ½ĞµÑƒĞ·Ğ½Ğ°Ğ²Ğ°ĞµĞ¼Ğ¾ÑÑ‚Ğ¸.jpg,Ğ ĞµĞ°Ğ»Ğ¸ÑÑ‚Ğ¸Ñ‡Ğ½Ñ‹Ğµ 3D-Ğ¼Ğ°ÑĞºĞ¸ Ğ·Ğ° ÑĞµĞºÑƒĞ½Ğ´Ñƒ Ğ¼ĞµĞ½ÑÑÑ‚ Ğ²Ğ½ĞµÑˆĞ½Ğ¾ÑÑ‚ÑŒ Ğ´Ğ¾ Ğ½ĞµÑƒĞ·Ğ½Ğ°Ğ²Ğ°ĞµĞ¼Ğ¾ÑÑ‚Ğ¸,cropped_youtube_insta_tiktok
/media/user/685b3289-4051-4530-9827-ef770d2e3f28/ml_projects_yeldar/cropped_youtube_insta_tiktok/Watch Tom Brady Impersonator Trick Tailgaters Prior to Patriots Game/frameNr_1368_Watch Tom Brady Impersonator Trick Tailgaters Prior to Patriots Game.jpg,Watch Tom Brady Impersonator Trick Tailgaters Prior to Patriots Game,cropped_youtube_insta_tiktok
/media/user/685b3289-4051-4530-9827-ef770d2e3f28/ml_projects_yeldar/cropped_youtube_insta_tiktok/Hey guys ğŸ™‡â€â™€ï¸ mask female realistic silicone/frameNr_945_Hey guys ğŸ™‡â€â™€ï¸ mask female realistic silicone.jpg,Hey guys ğŸ™‡â€â™€ï¸ mask female realistic silicone,cropped_youtube_insta_tiktok
/media/user/685b3289-4051-4530-9827-ef770d2e3f28/ml_projects_yeldar/cropped_youtube_insta_tiktok/Hound face!/frameNr_489_Hound face!.jpg,Hound face!,cropped_youtube_insta_tiktok
/media/user/685b3289-4051-4530-9827-ef770d2e3f28/ml_projects_yeldar/cropped_youtube_insta_tiktok/Halloween trends creepy Zombie SFX Make-up tutorial Halloween make-up/frameNr_1486_Halloween trends creepy Zombie SFX Make-up tutorial Halloween make-up.jpg,Halloween trends creepy Zombie SFX Make-up tutorial Halloween make-up,cropped_youtube_insta_tiktok
/media/user/685b3289-4051-4530-9827-ef770d2e3f28/ml_projects_yeldar/cropped_youtube_insta_tiktok/mysterious manequin short movie/frameNr_5440_mysterious manequin short movie.jpg,mysterious manequin short movie,cropped_youtube_insta_tiktok
/media/user/685b3289-4051-4530-9827-ef770d2e3f28/ml_projects_yeldar/cropped_youtube_insta_tiktok/ãƒ•ã‚£ãƒ¡ãƒ¼ãƒ«ãƒã‚¹ã‚¯ã‚’ã¤ã‘ãŸã¾ã¾ãƒ¡ã‚¤ã‚¯ã«ãƒãƒ£ãƒ¬ãƒ³ã‚¸ã—ã¦ã¿ãŸï¼ï¼/frameNr_1834_ãƒ•ã‚£ãƒ¡ãƒ¼ãƒ«ãƒã‚¹ã‚¯ã‚’ã¤ã‘ãŸã¾ã¾ãƒ¡ã‚¤ã‚¯ã«ãƒãƒ£ãƒ¬ãƒ³ã‚¸ã—ã¦ã¿ãŸï¼ï¼.jpg,ãƒ•ã‚£ãƒ¡ãƒ¼ãƒ«ãƒã‚¹ã‚¯ã‚’ã¤ã‘ãŸã¾ã¾ãƒ¡ã‚¤ã‚¯ã«ãƒãƒ£ãƒ¬ãƒ³ã‚¸ã—ã¦ã¿ãŸï¼ï¼,cropped_youtube_insta_tiktok
/media/user/685b3289-4051-4530-9827-ef770d2e3f28/ml_projects_yeldar/cropped_youtube_insta_tiktok/Meet the Man Creating Freakily Disturbingly Realistic Masks/frameNr_62_Meet the Man Creating Freakily Disturbingly Realistic Masks.jpg,Meet the Man Creating Freakily Disturbingly Realistic Masks,cropped_youtube_insta_tiktok
/media/user/685b3289-4051-4530-9827-ef770d2e3f28/ml_projects_yeldar/cropped_youtube_insta_tiktok/simple doll masking/frameNr_217_simple doll masking.jpg,simple doll masking,cropped_youtube_insta_tiktok
/media/user/685b3289-4051-4530-9827-ef770d2e3f28/ml_projects_yeldar/cropped_youtube_insta_tiktok/åƒã¨åƒå°‹ã®ä»•äº‹æ¢ã—ã€å‰ç·¨ã€‘/frameNr_860_åƒã¨åƒå°‹ã®ä»•äº‹æ¢ã—ã€å‰ç·¨ã€‘.jpg,åƒã¨åƒå°‹ã®ä»•äº‹æ¢ã—ã€å‰ç·¨ã€‘,cropped_youtube_insta_tiktok
/media/user/685b3289-4051-4530-9827-ef770d2e3f28/ml_projects_yeldar/cropped_youtube_insta_tiktok/How to take on and off your silicone mask!/frameNr_5511_How to take on and off your silicone mask!.jpg,How to take on and off your silicone mask!,cropped_youtube_insta_tiktok
/media/user/685b3289-4051-4530-9827-ef770d2e3f28/ml_projects_yeldar/cropped_youtube_insta_tiktok/Mochi Naruto limited edition - unpacking Japanese sweetsğŸ¬ğŸ¬ğŸ¬é¤…ãƒŠãƒ«ãƒˆ é™å®šç‰ˆ/frameNr_3557_Mochi Naruto limited edition - unpacking Japanese sweetsğŸ¬ğŸ¬ğŸ¬é¤…ãƒŠãƒ«ãƒˆ é™å®šç‰ˆ.jpg,Mochi Naruto limited edition - unpacking Japanese sweetsğŸ¬ğŸ¬ğŸ¬é¤…ãƒŠãƒ«ãƒˆ é™å®šç‰ˆ,cropped_youtube_insta_tiktok
/media/user/685b3289-4051-4530-9827-ef770d2e3f28/ml_projects_yeldar/cropped_youtube_insta_tiktok/Happy New Year From Old Man/frameNr_1913_Happy New Year From Old Man.jpg,Happy New Year From Old Man,cropped_youtube_insta_tiktok
/media/user/685b3289-4051-4530-9827-ef770d2e3f28/ml_projects_yeldar/cropped_youtube_insta_tiktok/Poppy Gag 05/frameNr_224_Poppy Gag 05.jpg,Poppy Gag 05,cropped_youtube_insta_tiktok
/media/user/685b3289-4051-4530-9827-ef770d2e3f28/ml_projects_yeldar/cropped_youtube_insta_tiktok/å½¼æ°ãŒå¥½ããªæœ‰æ‘æ¶ç´”é¢¨ã®é¡”ã«è¿‘ã¥ã‘ã‚ˆã†ã¨ã—ãŸçµæœâ€¦ï¼ï¼Ÿ/frameNr_3189_å½¼æ°ãŒå¥½ããªæœ‰æ‘æ¶ç´”é¢¨ã®é¡”ã«è¿‘ã¥ã‘ã‚ˆã†ã¨ã—ãŸçµæœâ€¦ï¼ï¼Ÿ.jpg,å½¼æ°ãŒå¥½ããªæœ‰æ‘æ¶ç´”é¢¨ã®é¡”ã«è¿‘ã¥ã‘ã‚ˆã†ã¨ã—ãŸçµæœâ€¦ï¼ï¼Ÿ,cropped_youtube_insta_tiktok
/media/user/685b3289-4051-4530-9827-ef770d2e3f28/ml_projects_yeldar/cropped_youtube_insta_tiktok/Hes Scared of a Clown prank/frameNr_1245_Hes Scared of a Clown prank.jpg,Hes Scared of a Clown prank,cropped_youtube_insta_tiktok
/media/user/685b3289-4051-4530-9827-ef770d2e3f28/ml_projects_yeldar/cropped_youtube_insta_tiktok/å¤¢ã®å›½ãªã®ã«ã‚¹ãƒˆãƒ¼ã‚«ãƒ¼ã‚­ãƒ£ãƒ©ï¼ï¼Ÿç•°è‰²ãªã‚­ãƒ£ãƒ©ã‚¯ã‚¿ãƒ¼ã‚’è€ƒãˆã¦ã¿ãŸ/frameNr_10198_å¤¢ã®å›½ãªã®ã«ã‚¹ãƒˆãƒ¼ã‚«ãƒ¼ã‚­ãƒ£ãƒ©ï¼ï¼Ÿç•°è‰²ãªã‚­ãƒ£ãƒ©ã‚¯ã‚¿ãƒ¼ã‚’è€ƒãˆã¦ã¿ãŸ.jpg,å¤¢ã®å›½ãªã®ã«ã‚¹ãƒˆãƒ¼ã‚«ãƒ¼ã‚­ãƒ£ãƒ©ï¼ï¼Ÿç•°è‰²ãªã‚­ãƒ£ãƒ©ã‚¯ã‚¿ãƒ¼ã‚’è€ƒãˆã¦ã¿ãŸ,cropped_youtube_insta_tiktok
/media/user/685b3289-4051-4530-9827-ef770d2e3f28/ml_projects_yeldar/cropped_youtube_insta_tiktok/Kigustream Female Mask  Love kigurumi Dolls/frameNr_252023_Kigustream Female Mask  Love kigurumi Dolls.jpg,Kigustream Female Mask  Love kigurumi Dolls,cropped_youtube_insta_tiktok
/media/user/685b3289-4051-4530-9827-ef770d2e3f28/ml_projects_yeldar/cropped_youtube_insta_tiktok/Oreo White Peach Oolang Tea ğŸªğŸ‘ã‚ªãƒ¬ã‚ªãƒ›ãƒ¯ã‚¤ãƒˆãƒ”ãƒ¼ãƒã‚¦ãƒ¼ãƒ­ãƒ³ãƒ†ã‚£ãƒ¼/frameNr_2403_Oreo White Peach Oolang Tea ğŸªğŸ‘ã‚ªãƒ¬ã‚ªãƒ›ãƒ¯ã‚¤ãƒˆãƒ”ãƒ¼ãƒã‚¦ãƒ¼ãƒ­ãƒ³ãƒ†ã‚£ãƒ¼.jpg,Oreo White Peach Oolang Tea ğŸªğŸ‘ã‚ªãƒ¬ã‚ªãƒ›ãƒ¯ã‚¤ãƒˆãƒ”ãƒ¼ãƒã‚¦ãƒ¼ãƒ­ãƒ³ãƒ†ã‚£ãƒ¼,cropped_youtube_insta_tiktok
/media/user/685b3289-4051-4530-9827-ef770d2e3f28/ml_projects_yeldar/cropped_youtube_insta_tiktok/è­¦å¯Ÿã‹ã‚‰è¿½ã‚ã‚Œã¦ã„ã‚‹å‹äººã®ã‚¹ãƒ‘ã‚¤ã«ç§ã®é¡”ã‚’è²¸ã™ã¯ã‚ã«/frameNr_8269_è­¦å¯Ÿã‹ã‚‰è¿½ã‚ã‚Œã¦ã„ã‚‹å‹äººã®ã‚¹ãƒ‘ã‚¤ã«ç§ã®é¡”ã‚’è²¸ã™ã¯ã‚ã«.jpg,è­¦å¯Ÿã‹ã‚‰è¿½ã‚ã‚Œã¦ã„ã‚‹å‹äººã®ã‚¹ãƒ‘ã‚¤ã«ç§ã®é¡”ã‚’è²¸ã™ã¯ã‚ã«,cropped_youtube_insta_tiktok
/media/user/685b3289-4051-4530-9827-ef770d2e3f28/ml_projects_yeldar/cropped_youtube_insta_tiktok/Hide and Seek PRANK!(Silicone Mask)/frameNr_1475_Hide and Seek PRANK!(Silicone Mask).jpg,Hide and Seek PRANK!(Silicone Mask),cropped_youtube_insta_tiktok
/media/user/685b3289-4051-4530-9827-ef770d2e3f28/ml_projects_yeldar/cropped_youtube_insta_tiktok/He sees her face for the first time Shorts/frameNr_919_He sees her face for the first time Shorts.jpg,He sees her face for the first time Shorts,cropped_youtube_insta_tiktok
/media/user/685b3289-4051-4530-9827-ef770d2e3f28/ml_projects_yeldar/cropped_youtube_insta_tiktok/Hi (chatroulette inspired)/frameNr_1415_Hi (chatroulette inspired).jpg,Hi (chatroulette inspired),cropped_youtube_insta_tiktok
/media/user/685b3289-4051-4530-9827-ef770d2e3f28/ml_projects_yeldar/cropped_youtube_insta_tiktok/Shopping wearing female mask/frameNr_4783_Shopping wearing female mask.jpg,Shopping wearing female mask,cropped_youtube_insta_tiktok
/media/user/685b3289-4051-4530-9827-ef770d2e3f28/ml_projects_yeldar/cropped_youtube_insta_tiktok/I TRIED A 500 REALISTIC SILICONE FACE MASK! TERRIFYING/frameNr_12522_I TRIED A 500 REALISTIC SILICONE FACE MASK! TERRIFYING.jpg,I TRIED A 500 REALISTIC SILICONE FACE MASK! TERRIFYING,cropped_youtube_insta_tiktok
/media/user/685b3289-4051-4530-9827-ef770d2e3f28/ml_projects_yeldar/cropped_youtube_insta_tiktok/The Mitt Romney Mask/frameNr_2708_The Mitt Romney Mask.jpg,The Mitt Romney Mask,cropped_youtube_insta_tiktok
/media/user/685b3289-4051-4530-9827-ef770d2e3f28/ml_projects_yeldar/cropped_youtube_insta_tiktok/é‡å¤–ãƒ—ãƒ­ãƒ¢ãƒ¼ã‚·ãƒ§ãƒ³æ’®å½±ã§ãƒãƒƒã‚¹ãƒ«ï¼/frameNr_1900_é‡å¤–ãƒ—ãƒ­ãƒ¢ãƒ¼ã‚·ãƒ§ãƒ³æ’®å½±ã§ãƒãƒƒã‚¹ãƒ«ï¼.jpg,é‡å¤–ãƒ—ãƒ­ãƒ¢ãƒ¼ã‚·ãƒ§ãƒ³æ’®å½±ã§ãƒãƒƒã‚¹ãƒ«ï¼,cropped_youtube_insta_tiktok
/media/user/685b3289-4051-4530-9827-ef770d2e3f28/ml_projects_yeldar/cropped_youtube_insta_tiktok/ãƒ­ãƒªãƒ¼ã‚¿å¥½ãå¥³å„ªãŒã€ãƒ•ã‚£ãƒ¡ãƒ¼ãƒ«ãƒã‚¹ã‚¯ã«åˆã†ãƒ­ãƒªãƒ¼ã‚¿æœã‚’æ¯”è¼ƒã—ã¦ã¿ãŸï¼/frameNr_12009_ãƒ­ãƒªãƒ¼ã‚¿å¥½ãå¥³å„ªãŒã€ãƒ•ã‚£ãƒ¡ãƒ¼ãƒ«ãƒã‚¹ã‚¯ã«åˆã†ãƒ­ãƒªãƒ¼ã‚¿æœã‚’æ¯”è¼ƒã—ã¦ã¿ãŸï¼.jpg,ãƒ­ãƒªãƒ¼ã‚¿å¥½ãå¥³å„ªãŒã€ãƒ•ã‚£ãƒ¡ãƒ¼ãƒ«ãƒã‚¹ã‚¯ã«åˆã†ãƒ­ãƒªãƒ¼ã‚¿æœã‚’æ¯”è¼ƒã—ã¦ã¿ãŸï¼,cropped_youtube_insta_tiktok
/media/user/685b3289-4051-4530-9827-ef770d2e3f28/ml_projects_yeldar/cropped_youtube_insta_tiktok/He Kicked Me OUT for THIS! ğŸ˜‚ğŸš— prankgonewrong/frameNr_1087_He Kicked Me OUT for THIS! ğŸ˜‚ğŸš— prankgonewrong.jpg,He Kicked Me OUT for THIS! ğŸ˜‚ğŸš— prankgonewrong,cropped_youtube_insta_tiktok
/media/user/685b3289-4051-4530-9827-ef770d2e3f28/ml_projects_yeldar/cropped_youtube_insta_tiktok/Reginadoll wish you happy new year [Girl female mask]/frameNr_425_Reginadoll wish you happy new year [Girl female mask].jpg,Reginadoll wish you happy new year [Girl female mask],cropped_youtube_insta_tiktok
/media/user/685b3289-4051-4530-9827-ef770d2e3f28/ml_projects_yeldar/cropped_youtube_insta_tiktok/hillary on halloween/frameNr_321_hillary on halloween.jpg,hillary on halloween,cropped_youtube_insta_tiktok
/media/user/685b3289-4051-4530-9827-ef770d2e3f28/ml_projects_yeldar/cropped_youtube_insta_tiktok/Halloween adventures outside/frameNr_566_Halloween adventures outside.jpg,Halloween adventures outside,cropped_youtube_insta_tiktok
